vintage,from_state,to_state,count,probability
2005Q1,CURRENT,CURRENT,739853,0.9787438105304654
2005Q1,CURRENT,PAID_OFF,8967,0.011862350695376897
2005Q1,CURRENT,30_DPD,6897,0.009123969303670623
2005Q1,30_DPD,60_DPD,2435,0.1658154579502894
2005Q1,60_DPD,90_PLUS,1480,0.33697632058287796
2005Q1,90_PLUS,90_PLUS,13254,0.8961460446247465
2005Q1,90_PLUS,DEFAULTED,423,0.028600405679513184
2005Q1,DEFAULTED,DEFAULTED,2035,1.0
2005Q1,30_DPD,CURRENT,5119,0.34858699353081374
2005Q1,60_DPD,30_DPD,684,0.1557377049180328
2005Q1,30_DPD,30_DPD,6967,0.47442969016002723
2005Q1,60_DPD,60_DPD,1684,0.38342440801457195
2005Q1,90_PLUS,CURRENT,671,0.045368492224476
2005Q1,90_PLUS,30_DPD,136,0.009195402298850575
2005Q1,60_DPD,CURRENT,493,0.11224954462659381
2005Q1,30_DPD,90_PLUS,17,0.0011576438542730677
2005Q1,30_DPD,PAID_OFF,136,0.009261150834184542
2005Q1,90_PLUS,60_DPD,222,0.015010141987829614
2005Q1,CURRENT,60_DPD,52,6.879025718295959e-05
2005Q1,60_DPD,PAID_OFF,41,0.009335154826958106
2005Q1,CURRENT,CENSORED_RPL,100,0.00013228895612107616
2005Q1,90_PLUS,PAID_OFF,75,0.005070993914807302
2005Q1,30_DPD,DEFAULTED,1,6.809669731018046e-05
2005Q1,CURRENT,90_PLUS,42,5.556136157085198e-05
2005Q1,90_PLUS,CENSORED_DEFECT,8,0.0005409060175794456
2005Q1,CURRENT,CENSORED_DEFECT,7,9.26022692847533e-06
2005Q1,60_DPD,DEFAULTED,4,0.0009107468123861566
2005Q1,30_DPD,CENSORED_DEFECT,1,6.809669731018046e-05
2005Q1,30_DPD,CENSORED_RPL,9,0.0006128702757916241
2005Q1,60_DPD,CENSORED_RPL,6,0.001366120218579235
2005Q1,CURRENT,DEFAULTED,3,3.9686686836322845e-06
2005Q1,90_PLUS,CENSORED_RPL,1,6.76132521974307e-05
2005Q2,CURRENT,CURRENT,714031,0.9774083377250918
2005Q2,CURRENT,PAID_OFF,8850,0.012114409302771257
2005Q2,CURRENT,30_DPD,7419,0.010155570917204515
2005Q2,30_DPD,CURRENT,5405,0.3444210794621806
2005Q2,CURRENT,90_PLUS,55,7.528728945225074e-05
2005Q2,90_PLUS,PAID_OFF,84,0.004971002485501243
2005Q2,90_PLUS,CURRENT,746,0.044147236359332466
2005Q2,30_DPD,30_DPD,7415,0.4725036640540368
2005Q2,CURRENT,CENSORED_DEFECT,18,2.4639476548009335e-05
2005Q2,30_DPD,60_DPD,2712,0.1728159051806538
2005Q2,60_DPD,90_PLUS,1653,0.33879893420782947
2005Q2,90_PLUS,90_PLUS,15186,0.8986862350574032
2005Q2,90_PLUS,DEFAULTED,498,0.029470943306900223
2005Q2,60_DPD,CURRENT,581,0.11908177905308465
2005Q2,30_DPD,PAID_OFF,131,0.008347670936086153
2005Q2,CURRENT,CENSORED_RPL,106,0.00014509913967161053
2005Q2,60_DPD,30_DPD,751,0.15392498462799753
2005Q2,DEFAULTED,DEFAULTED,2087,0.9995210727969349
2005Q2,60_DPD,60_DPD,1857,0.38061078089772493
2005Q2,90_PLUS,30_DPD,109,0.006450467510948041
2005Q2,90_PLUS,60_DPD,261,0.015445614865664576
2005Q2,90_PLUS,CENSORED_DEFECT,12,0.0007101432122144632
2005Q2,CURRENT,60_DPD,51,6.981185021935979e-05
2005Q2,60_DPD,PAID_OFF,32,0.006558721049395368
2005Q2,30_DPD,90_PLUS,8,0.0005097814312113681
2005Q2,30_DPD,CENSORED_RPL,21,0.0013381762569298413
2005Q2,CURRENT,DEFAULTED,5,6.844299041113704e-06
2005Q2,60_DPD,DEFAULTED,2,0.0004099200655872105
2005Q2,90_PLUS,CENSORED_RPL,2,0.00011835720203574388
2005Q2,60_DPD,CENSORED_RPL,2,0.0004099200655872105
2005Q2,DEFAULTED,CENSORED_DEFECT,1,0.0004789272030651341
2005Q2,30_DPD,CENSORED_DEFECT,1,6.372267890142101e-05
2005Q2,60_DPD,CENSORED_DEFECT,1,0.00020496003279360525
2005Q3,CURRENT,CURRENT,724704,0.9777244119452521
2005Q3,CURRENT,PAID_OFF,8744,0.011796847068664287
2005Q3,CURRENT,30_DPD,7554,0.010191374972174065
2005Q3,30_DPD,CURRENT,5401,0.3289481698032767
2005Q3,30_DPD,30_DPD,7905,0.4814544125708021
2005Q3,30_DPD,60_DPD,2952,0.1797917047323223
2005Q3,60_DPD,30_DPD,853,0.16457650009646924
2005Q3,60_DPD,60_DPD,1940,0.3743005981092032
2005Q3,60_DPD,PAID_OFF,32,0.006174030484275516
2005Q3,60_DPD,CURRENT,585,0.11286899479066177
2005Q3,60_DPD,90_PLUS,1756,0.33879992282461896
2005Q3,90_PLUS,60_DPD,246,0.013078149920255184
2005Q3,90_PLUS,CURRENT,772,0.041041998936735775
2005Q3,90_PLUS,30_DPD,111,0.005901116427432217
2005Q3,CURRENT,60_DPD,45,6.071112969921008e-05
2005Q3,90_PLUS,90_PLUS,17000,0.9037745879851143
2005Q3,CURRENT,CENSORED_RPL,114,0.0001538015285713322
2005Q3,90_PLUS,DEFAULTED,591,0.03141945773524721
2005Q3,DEFAULTED,DEFAULTED,2177,0.9986238532110092
2005Q3,DEFAULTED,CENSORED_DEFECT,3,0.0013761467889908258
2005Q3,30_DPD,PAID_OFF,117,0.007125890736342043
2005Q3,90_PLUS,CENSORED_DEFECT,6,0.0003189792663476874
2005Q3,60_DPD,DEFAULTED,6,0.0011576307158016593
2005Q3,90_PLUS,PAID_OFF,83,0.004412546517809676
2005Q3,30_DPD,CENSORED_RPL,21,0.0012790060295998539
2005Q3,CURRENT,90_PLUS,44,5.936199348367208e-05
2005Q3,30_DPD,90_PLUS,19,0.0011571959315427249
2005Q3,30_DPD,DEFAULTED,4,0.00024362019611425786
2005Q3,CURRENT,CENSORED_DEFECT,8,1.0793089724304014e-05
2005Q3,60_DPD,CENSORED_RPL,10,0.0019293845263360988
2005Q3,CURRENT,DEFAULTED,2,2.6982724310760035e-06
2005Q3,60_DPD,CENSORED_DEFECT,1,0.00019293845263360988
2005Q3,90_PLUS,CENSORED_RPL,1,5.31632110579479e-05
2005Q4,CURRENT,CURRENT,665792,0.9748580816237483
2005Q4,CURRENT,30_DPD,8271,0.01211046572069058
2005Q4,30_DPD,CURRENT,5875,0.33257854514576846
2005Q4,CURRENT,PAID_OFF,8621,0.012622938577931748
2005Q4,30_DPD,30_DPD,8335,0.471836965751486
2005Q4,30_DPD,60_DPD,3307,0.18720634022077554
2005Q4,60_DPD,CURRENT,619,0.10484417344173441
2005Q4,60_DPD,90_PLUS,2097,0.3551829268292683
2005Q4,90_PLUS,CURRENT,902,0.04068561118628777
2005Q4,60_DPD,60_DPD,2229,0.3775406504065041
2005Q4,90_PLUS,90_PLUS,20019,0.9029769959404601
2005Q4,CURRENT,90_PLUS,46,6.735357552312497e-05
2005Q4,60_DPD,30_DPD,917,0.15531842818428185
2005Q4,30_DPD,PAID_OFF,111,0.0062836116614774975
2005Q4,90_PLUS,DEFAULTED,720,0.03247631935047361
2005Q4,90_PLUS,60_DPD,304,0.013712223725755526
2005Q4,90_PLUS,30_DPD,144,0.006495263870094722
2005Q4,DEFAULTED,DEFAULTED,2915,0.9993143640726774
2005Q4,CURRENT,60_DPD,65,9.517353063050268e-05
2005Q4,90_PLUS,PAID_OFF,73,0.003292737934145241
2005Q4,CURRENT,CENSORED_RPL,151,0.00022109543269547546
2005Q4,30_DPD,CENSORED_RPL,22,0.0012454005094820267
2005Q4,60_DPD,PAID_OFF,32,0.005420054200542005
2005Q4,30_DPD,90_PLUS,12,0.0006793093688083782
2005Q4,DEFAULTED,CENSORED_DEFECT,2,0.0006856359273225917
2005Q4,90_PLUS,CENSORED_DEFECT,6,0.00027063599458728013
2005Q4,60_DPD,CENSORED_RPL,7,0.0011856368563685636
2005Q4,CURRENT,DEFAULTED,4,5.85683265418478e-06
2005Q4,CURRENT,CENSORED_DEFECT,13,1.9034706126100535e-05
2005Q4,90_PLUS,CENSORED_RPL,2,9.021199819576004e-05
2005Q4,30_DPD,CENSORED_DEFECT,2,0.0001132182281347297
2005Q4,60_DPD,DEFAULTED,3,0.0005081300813008131
2005Q4,30_DPD,DEFAULTED,1,5.660911406736485e-05
2006Q1,CURRENT,CURRENT,613679,0.9732270153085902
2006Q1,CURRENT,PAID_OFF,8492,0.013467372704623344
2006Q1,CURRENT,30_DPD,8079,0.012812400386322656
2006Q1,30_DPD,60_DPD,3396,0.1950043066322136
2006Q1,60_DPD,90_PLUS,2161,0.3631932773109244
2006Q1,90_PLUS,90_PLUS,22052,0.9082372322899506
2006Q1,90_PLUS,DEFAULTED,808,0.03327841845140033
2006Q1,30_DPD,CURRENT,5629,0.3232271030720643
2006Q1,30_DPD,30_DPD,8220,0.4720068906115418
2006Q1,60_DPD,CURRENT,599,0.10067226890756302
2006Q1,CURRENT,60_DPD,73,0.00011576992551077533
2006Q1,60_DPD,30_DPD,953,0.16016806722689075
2006Q1,60_DPD,60_DPD,2195,0.3689075630252101
2006Q1,90_PLUS,30_DPD,160,0.006589785831960461
2006Q1,90_PLUS,CURRENT,890,0.036655683690280064
2006Q1,30_DPD,PAID_OFF,127,0.007292563881711169
2006Q1,DEFAULTED,DEFAULTED,3387,0.9991150442477876
2006Q1,90_PLUS,60_DPD,289,0.011902800658978583
2006Q1,CURRENT,CENSORED_RPL,158,0.00025057052370825345
2006Q1,60_DPD,PAID_OFF,30,0.005042016806722689
2006Q1,90_PLUS,CENSORED_DEFECT,17,0.000700164744645799
2006Q1,60_DPD,DEFAULTED,4,0.0006722689075630252
2006Q1,30_DPD,CENSORED_RPL,21,0.0012058570198105081
2006Q1,CURRENT,90_PLUS,57,9.039569526183827e-05
2006Q1,90_PLUS,PAID_OFF,63,0.0025947281713344316
2006Q1,30_DPD,90_PLUS,15,0.0008613264427217916
2006Q1,60_DPD,CENSORED_RPL,7,0.001176470588235294
2006Q1,CURRENT,DEFAULTED,3,4.7576681716756986e-06
2006Q1,CURRENT,CENSORED_DEFECT,20,3.171778781117132e-05
2006Q1,30_DPD,CENSORED_DEFECT,2,0.00011484352569623887
2006Q1,30_DPD,DEFAULTED,5,0.0002871088142405972
2006Q1,90_PLUS,CENSORED_RPL,1,4.118616144975288e-05
2006Q1,DEFAULTED,CENSORED_DEFECT,3,0.0008849557522123894
2006Q1,60_DPD,CENSORED_DEFECT,1,0.0001680672268907563
2006Q2,CURRENT,CURRENT,547476,0.9704457510338581
2006Q2,CURRENT,PAID_OFF,8629,0.015295604530008916
2006Q2,CURRENT,30_DPD,7731,0.01370382647137547
2006Q2,30_DPD,CURRENT,5360,0.3176861071597914
2006Q2,30_DPD,60_DPD,3304,0.19582740635372214
2006Q2,60_DPD,90_PLUS,2129,0.3397701883179062
2006Q2,90_PLUS,90_PLUS,20934,0.9043936579254331
2006Q2,90_PLUS,DEFAULTED,729,0.03149436212036117
2006Q2,DEFAULTED,DEFAULTED,2953,0.9996614759647935
2006Q2,30_DPD,30_DPD,8048,0.4770033191085823
2006Q2,90_PLUS,60_DPD,354,0.015293558560504602
2006Q2,60_DPD,60_DPD,2542,0.4056814554739866
2006Q2,90_PLUS,30_DPD,132,0.005702682853069512
2006Q2,90_PLUS,CURRENT,909,0.039270747829092324
2006Q2,60_DPD,30_DPD,959,0.15304819661666136
2006Q2,60_DPD,CURRENT,597,0.0952760932014044
2006Q2,CURRENT,CENSORED_RPL,159,0.00028184043577140084
2006Q2,CURRENT,60_DPD,70,0.00012408069499369846
2006Q2,30_DPD,PAID_OFF,103,0.006104788999525841
2006Q2,CURRENT,90_PLUS,60,0.00010635488142317012
2006Q2,90_PLUS,PAID_OFF,66,0.002851341426534756
2006Q2,CURRENT,CENSORED_DEFECT,19,3.3679045784003874e-05
2006Q2,30_DPD,CENSORED_RPL,28,0.0016595542911332385
2006Q2,30_DPD,90_PLUS,25,0.0014817449027975343
2006Q2,90_PLUS,CENSORED_DEFECT,23,0.0009936492850045361
2006Q2,60_DPD,PAID_OFF,27,0.004308969039259496
2006Q2,60_DPD,CENSORED_RPL,8,0.0012767315671879987
2006Q2,30_DPD,DEFAULTED,3,0.00017780938833570413
2006Q2,CURRENT,DEFAULTED,5,8.862906785264177e-06
2006Q2,60_DPD,DEFAULTED,4,0.0006383657835939994
2006Q2,DEFAULTED,CENSORED_DEFECT,1,0.00033852403520649965
2006Q2,30_DPD,CENSORED_DEFECT,1,5.9269796111901376e-05
2006Q3,CURRENT,CURRENT,523363,0.969614498188097
2006Q3,CURRENT,PAID_OFF,8598,0.015929183865541235
2006Q3,CURRENT,30_DPD,7499,0.013893108840159773
2006Q3,30_DPD,30_DPD,7870,0.48166962482404063
2006Q3,30_DPD,60_DPD,3148,0.19266784992961625
2006Q3,60_DPD,90_PLUS,2094,0.3675618746708794
2006Q3,90_PLUS,90_PLUS,20844,0.9054341688023978
2006Q3,90_PLUS,60_DPD,315,0.013683158854958516
2006Q3,60_DPD,60_DPD,2170,0.38090222924346145
2006Q3,90_PLUS,30_DPD,152,0.006602667130011728
2006Q3,60_DPD,30_DPD,813,0.14270668773038442
2006Q3,60_DPD,CURRENT,583,0.10233456205020186
2006Q3,30_DPD,CURRENT,5150,0.3151967684680825
2006Q3,90_PLUS,CURRENT,874,0.03796533599756744
2006Q3,90_PLUS,DEFAULTED,749,0.03253551105512358
2006Q3,DEFAULTED,DEFAULTED,3111,0.9990366088631984
2006Q3,30_DPD,PAID_OFF,113,0.006915967929493849
2006Q3,CURRENT,90_PLUS,62,0.00011486501508066489
2006Q3,CURRENT,CENSORED_RPL,147,0.00027234124543318934
2006Q3,60_DPD,PAID_OFF,30,0.0052659294365455505
2006Q3,DEFAULTED,CENSORED_DEFECT,3,0.0009633911368015414
2006Q3,CURRENT,DEFAULTED,9,1.6673953802032e-05
2006Q3,CURRENT,60_DPD,70,0.00012968630734913776
2006Q3,90_PLUS,PAID_OFF,60,0.0026063159723730507
2006Q3,90_PLUS,CENSORED_DEFECT,23,0.0009990877894096694
2006Q3,30_DPD,CENSORED_RPL,33,0.002019707448436257
2006Q3,30_DPD,90_PLUS,22,0.0013464716322908379
2006Q3,60_DPD,DEFAULTED,5,0.000877654906090925
2006Q3,CURRENT,CENSORED_DEFECT,16,2.9642584536945775e-05
2006Q3,60_DPD,CENSORED_RPL,2,0.00035106196243637
2006Q3,30_DPD,CENSORED_DEFECT,2,0.0001224065120264398
2006Q3,30_DPD,DEFAULTED,1,6.12032560132199e-05
2006Q3,90_PLUS,CENSORED_RPL,4,0.00017375439815820338
2006Q4,CURRENT,CURRENT,561831,0.9707814030801343
2006Q4,CURRENT,PAID_OFF,8392,0.014500441475547785
2006Q4,CURRENT,30_DPD,8138,0.014061557760725436
2006Q4,30_DPD,30_DPD,9030,0.49474030243261014
2006Q4,30_DPD,CURRENT,5532,0.30309007232084156
2006Q4,30_DPD,60_DPD,3507,0.19214332675871137
2006Q4,60_DPD,30_DPD,911,0.14599358974358975
2006Q4,60_DPD,90_PLUS,2381,0.3815705128205128
2006Q4,90_PLUS,90_PLUS,23303,0.9040229662101874
2006Q4,90_PLUS,60_DPD,352,0.013655584435737285
2006Q4,60_DPD,60_DPD,2295,0.36778846153846156
2006Q4,90_PLUS,DEFAULTED,851,0.03301392714435349
2006Q4,DEFAULTED,DEFAULTED,3505,0.9994297120045623
2006Q4,90_PLUS,CURRENT,988,0.03832874267758079
2006Q4,90_PLUS,30_DPD,172,0.006672615122007992
2006Q4,60_DPD,CURRENT,613,0.09823717948717949
2006Q4,CURRENT,90_PLUS,67,0.0001157685389492018
2006Q4,60_DPD,PAID_OFF,26,0.004166666666666667
2006Q4,30_DPD,90_PLUS,28,0.0015340784571553803
2006Q4,30_DPD,PAID_OFF,122,0.0066841989918913
2006Q4,CURRENT,CENSORED_RPL,193,0.0003334825077193425
2006Q4,CURRENT,60_DPD,87,0.00015032631176985906
2006Q4,90_PLUS,PAID_OFF,74,0.002870776273422043
2006Q4,CURRENT,CENSORED_DEFECT,24,4.1469327384788704e-05
2006Q4,30_DPD,CENSORED_RPL,25,0.0013697129081744466
2006Q4,CURRENT,DEFAULTED,9,1.5550997769295766e-05
2006Q4,DEFAULTED,CENSORED_DEFECT,2,0.0005702879954376961
2006Q4,90_PLUS,CENSORED_DEFECT,36,0.0013965938627458587
2006Q4,30_DPD,DEFAULTED,3,0.0001643655489809336
2006Q4,30_DPD,CENSORED_DEFECT,5,0.00027394258163488934
2006Q4,60_DPD,DEFAULTED,6,0.0009615384615384616
2006Q4,60_DPD,CENSORED_RPL,6,0.0009615384615384616
2006Q4,90_PLUS,CENSORED_RPL,1,3.879427396516274e-05
2006Q4,60_DPD,CENSORED_DEFECT,2,0.0003205128205128205
2007Q1,CURRENT,CURRENT,565779,0.9710910332943143
2007Q1,CURRENT,PAID_OFF,8400,0.014417581210458925
2007Q1,CURRENT,30_DPD,8076,0.013861474506626939
2007Q1,30_DPD,PAID_OFF,110,0.006358381502890174
2007Q1,30_DPD,CURRENT,5475,0.31647398843930635
2007Q1,30_DPD,60_DPD,3483,0.20132947976878612
2007Q1,60_DPD,90_PLUS,2312,0.3869456066945607
2007Q1,90_PLUS,90_PLUS,22552,0.9045040709100389
2007Q1,90_PLUS,CURRENT,1005,0.04030802550836241
2007Q1,90_PLUS,PAID_OFF,65,0.0026069867244214494
2007Q1,30_DPD,30_DPD,8176,0.47260115606936415
2007Q1,60_DPD,CURRENT,615,0.10292887029288703
2007Q1,60_DPD,60_DPD,2115,0.35397489539748955
2007Q1,CURRENT,CENSORED_DEFECT,37,6.35060124746405e-05
2007Q1,60_DPD,30_DPD,898,0.1502928870292887
2007Q1,90_PLUS,DEFAULTED,813,0.03260738779930213
2007Q1,CURRENT,DEFAULTED,9,1.544740843977742e-05
2007Q1,CURRENT,60_DPD,72,0.00012357926751821937
2007Q1,90_PLUS,30_DPD,150,0.006016123210203345
2007Q1,DEFAULTED,DEFAULTED,3337,0.9997004194128221
2007Q1,90_PLUS,60_DPD,307,0.012312998836882846
2007Q1,CURRENT,CENSORED_RPL,201,0.0003449921218216957
2007Q1,CURRENT,90_PLUS,48,8.238617834547957e-05
2007Q1,90_PLUS,CENSORED_DEFECT,40,0.001604299522720892
2007Q1,30_DPD,90_PLUS,22,0.0012716763005780347
2007Q1,30_DPD,CENSORED_RPL,29,0.0016763005780346821
2007Q1,60_DPD,PAID_OFF,21,0.003514644351464435
2007Q1,60_DPD,DEFAULTED,7,0.0011715481171548118
2007Q1,DEFAULTED,CENSORED_DEFECT,1,0.0002995805871779509
2007Q1,60_DPD,CENSORED_RPL,6,0.0010041841004184101
2007Q1,30_DPD,DEFAULTED,4,0.00023121387283236994
2007Q1,90_PLUS,CENSORED_RPL,1,4.01074880680223e-05
2007Q1,60_DPD,CENSORED_DEFECT,1,0.00016736401673640169
2007Q1,30_DPD,CENSORED_DEFECT,1,5.7803468208092484e-05
2007Q2,CURRENT,CURRENT,544823,0.9699070900989271
2007Q2,CURRENT,30_DPD,8264,0.014711772800666515
2007Q2,30_DPD,CURRENT,5515,0.29773794741672516
2007Q2,30_DPD,30_DPD,9175,0.49533013010851373
2007Q2,CURRENT,PAID_OFF,8281,0.014742036612090927
2007Q2,30_DPD,60_DPD,3670,0.1981320520434055
2007Q2,60_DPD,90_PLUS,2498,0.38307008127587794
2007Q2,90_PLUS,90_PLUS,25600,0.9083812362500887
2007Q2,90_PLUS,DEFAULTED,922,0.0327159179618196
2007Q2,DEFAULTED,DEFAULTED,3866,0.9992246058413027
2007Q2,60_DPD,60_DPD,2457,0.3767827020395645
2007Q2,60_DPD,CURRENT,598,0.09170372642232787
2007Q2,30_DPD,PAID_OFF,102,0.005506667386492469
2007Q2,90_PLUS,CURRENT,1066,0.03782556241572635
2007Q2,60_DPD,30_DPD,932,0.14292286459132034
2007Q2,CURRENT,90_PLUS,69,0.00012283546989907908
2007Q2,90_PLUS,60_DPD,311,0.011035412674756937
2007Q2,CURRENT,60_DPD,85,0.00015131905712205396
2007Q2,30_DPD,CENSORED_RPL,32,0.0017275819251741078
2007Q2,90_PLUS,30_DPD,157,0.005570931800439998
2007Q2,CURRENT,CENSORED_RPL,165,0.00029373699323692826
2007Q2,30_DPD,90_PLUS,22,0.0011877125735571992
2007Q2,60_DPD,DEFAULTED,9,0.0013801564177273425
2007Q2,90_PLUS,PAID_OFF,74,0.0026257895110354127
2007Q2,90_PLUS,CENSORED_DEFECT,51,0.0018096657440919736
2007Q2,60_DPD,PAID_OFF,20,0.0030670142616163166
2007Q2,CURRENT,CENSORED_DEFECT,34,6.052762284882158e-05
2007Q2,30_DPD,DEFAULTED,4,0.00021594774064676348
2007Q2,60_DPD,CENSORED_DEFECT,3,0.00046005213924244745
2007Q2,DEFAULTED,CENSORED_DEFECT,3,0.0007753941586973378
2007Q2,60_DPD,CENSORED_RPL,4,0.0006134028523232633
2007Q2,CURRENT,DEFAULTED,6,1.0681345208615574e-05
2007Q2,30_DPD,CENSORED_DEFECT,3,0.0001619608054850726
2007Q2,90_PLUS,CENSORED_RPL,1,3.548364204101909e-05
2007Q3,CURRENT,CURRENT,471570,0.9654278677549918
2007Q3,CURRENT,30_DPD,8255,0.01690015702508102
2007Q3,30_DPD,30_DPD,8771,0.4821615084382387
2007Q3,30_DPD,CURRENT,5419,0.297894563245561
2007Q3,CURRENT,PAID_OFF,8264,0.016918582393127747
2007Q3,30_DPD,60_DPD,3827,0.21037875872684295
2007Q3,60_DPD,90_PLUS,2571,0.3682325981094242
2007Q3,90_PLUS,90_PLUS,25700,0.9058864998237575
2007Q3,90_PLUS,DEFAULTED,932,0.03285160380683821
2007Q3,DEFAULTED,DEFAULTED,3928,0.9987287058225274
2007Q3,CURRENT,CENSORED_RPL,178,0.0003644128347019287
2007Q3,60_DPD,30_DPD,984,0.14093382984818104
2007Q3,90_PLUS,CURRENT,1043,0.03676418752203031
2007Q3,60_DPD,60_DPD,2700,0.38670867946147236
2007Q3,60_DPD,CURRENT,685,0.09810942423374391
2007Q3,30_DPD,PAID_OFF,107,0.005882029575064593
2007Q3,CURRENT,90_PLUS,69,0.00014126115502490494
2007Q3,90_PLUS,30_DPD,182,0.006415227352837505
2007Q3,90_PLUS,60_DPD,375,0.013218188227000353
2007Q3,60_DPD,PAID_OFF,25,0.003580635920939559
2007Q3,CURRENT,60_DPD,80,0.00016378104930423764
2007Q3,90_PLUS,PAID_OFF,69,0.002432146633768065
2007Q3,30_DPD,90_PLUS,32,0.0017591116486174482
2007Q3,60_DPD,DEFAULTED,6,0.0008593526210254941
2007Q3,90_PLUS,CENSORED_DEFECT,68,0.0023968981318293974
2007Q3,CURRENT,CENSORED_DEFECT,35,7.165420907060396e-05
2007Q3,30_DPD,CENSORED_RPL,25,0.0013743059754823814
2007Q3,CURRENT,DEFAULTED,6,1.2283578697817823e-05
2007Q3,30_DPD,DEFAULTED,4,0.00021988895607718103
2007Q3,60_DPD,CENSORED_DEFECT,3,0.00042967631051274706
2007Q3,30_DPD,CENSORED_DEFECT,6,0.0003298334341157715
2007Q3,DEFAULTED,CENSORED_DEFECT,5,0.0012712941774726673
2007Q3,60_DPD,CENSORED_RPL,8,0.0011458034947006588
2007Q3,90_PLUS,CENSORED_RPL,1,3.524850193866761e-05
2007Q4,CURRENT,CURRENT,482343,0.9663210151576468
2007Q4,CURRENT,PAID_OFF,8217,0.016461853456047632
2007Q4,CURRENT,30_DPD,8188,0.016403755153720095
2007Q4,30_DPD,60_DPD,3872,0.21469365123371223
2007Q4,60_DPD,90_PLUS,2640,0.38455935906773486
2007Q4,90_PLUS,90_PLUS,25584,0.9036770160008477
2007Q4,90_PLUS,PAID_OFF,68,0.0024018932570379005
2007Q4,30_DPD,CURRENT,5308,0.2943166065982811
2007Q4,30_DPD,30_DPD,8682,0.4813972830607153
2007Q4,60_DPD,60_DPD,2539,0.36984705025491627
2007Q4,90_PLUS,CURRENT,1136,0.040125746176397865
2007Q4,90_PLUS,DEFAULTED,934,0.03299071032460881
2007Q4,DEFAULTED,DEFAULTED,4059,0.9985239852398524
2007Q4,60_DPD,CURRENT,624,0.09089584850691916
2007Q4,90_PLUS,60_DPD,365,0.012892515276747554
2007Q4,60_DPD,30_DPD,1013,0.14756008739985432
2007Q4,60_DPD,CENSORED_RPL,5,0.0007283321194464676
2007Q4,CURRENT,90_PLUS,65,0.00013022033280310285
2007Q4,90_PLUS,30_DPD,157,0.005545547666984564
2007Q4,30_DPD,PAID_OFF,100,0.0055447740504574435
2007Q4,CURRENT,CENSORED_RPL,206,0.0004126982854990644
2007Q4,CURRENT,60_DPD,92,0.00018431185565977634
2007Q4,CURRENT,CENSORED_DEFECT,40,8.013558941729406e-05
2007Q4,30_DPD,CENSORED_DEFECT,6,0.00033268644302744666
2007Q4,90_PLUS,CENSORED_DEFECT,64,0.002260605418388612
2007Q4,60_DPD,PAID_OFF,30,0.004369992716678805
2007Q4,30_DPD,CENSORED_RPL,30,0.0016634322151372332
2007Q4,60_DPD,CENSORED_DEFECT,3,0.00043699927166788056
2007Q4,30_DPD,DEFAULTED,7,0.00038813418353202106
2007Q4,30_DPD,90_PLUS,30,0.0016634322151372332
2007Q4,CURRENT,DEFAULTED,3,6.010169206297054e-06
2007Q4,DEFAULTED,CENSORED_DEFECT,6,0.0014760147601476014
2007Q4,60_DPD,DEFAULTED,11,0.0016023306627822287
2007Q4,90_PLUS,CENSORED_RPL,3,0.0001059658789869662
