month,current_marginal_pd,current_cumulative_pd,current_survival,origination_marginal_pd,origination_cumulative_pd,origination_survival
1,0.016985741943,0.016985741943,0.983014258057,0.000010704924,0.000010704924,0.999989295076
2,0.002416833680,0.019402575623,0.980597424377,0.000010663241,0.000021368165,0.999978631835
3,0.002334218460,0.021736794082,0.978263205918,0.000010623438,0.000031991603,0.999968008397
4,0.002254761881,0.023991555963,0.976008444037,0.000010585459,0.000042577062,0.999957422938
5,0.002178330059,0.026169886022,0.973830113978,0.000010549248,0.000053126310,0.999946873690
6,0.002104795419,0.028274681441,0.971725318559,0.000010514751,0.000063641062,0.999936358938
7,0.002034036293,0.030308717734,0.969691282266,0.000010481842,0.000074122903,0.999925877097
8,0.001965936905,0.032274654639,0.967725345361,0.000010450617,0.000084573520,0.999915426480
9,0.001900386632,0.034175041271,0.965824958729,0.000010420954,0.000094994474,0.999905005526
10,0.001837280028,0.036012321298,0.963987678702,0.000010392805,0.000105387279,0.999894612721
11,0.001776516484,0.037788837783,0.962211162217,0.000010366122,0.000115753401,0.999884246599
12,0.001717999988,0.039506837771,0.960493162229,0.000010340862,0.000126094263,0.999873905737
13,0.001661638886,0.041168476657,0.958831523343,0.000010316980,0.000136411244,0.999863588756
14,0.001607345668,0.042775822324,0.957224177676,0.000010294434,0.000146705678,0.999853294322
15,0.001555036756,0.044330859080,0.955669140920,0.000010273183,0.000156978861,0.999843021139
16,0.001504632313,0.045835491394,0.954164508606,0.000010253187,0.000167232048,0.999832767952
17,0.001456056055,0.047291547448,0.952708452552,0.000010234407,0.000177466455,0.999822533545
18,0.001409235073,0.048700782522,0.951299217478,0.000010216805,0.000187683259,0.999812316741
19,0.001364099676,0.050064882198,0.949935117802,0.000010200345,0.000197883604,0.999802116396
20,0.001320583225,0.051385465423,0.948614534577,0.000010184992,0.000208068596,0.999791931404
21,0.001278621989,0.052664087412,0.947335912588,0.000010170711,0.000218239307,0.999781760693
22,0.001238155006,0.053902242418,0.946097757582,0.000010157470,0.000228396777,0.999771603223
23,0.001199123948,0.055101366365,0.944898633635,0.000010145235,0.000238542012,0.999761457988
24,0.001161472994,0.056262839359,0.943737160641,0.000010133976,0.000248675987,0.999751324013
25,0.001125148715,0.057387988074,0.942612011926,0.000010123662,0.000258799650,0.999741200350
26,0.001090099957,0.058478088031,0.941521911969,0.000010114264,0.000268913914,0.999731086086
27,0.001056274503,0.059534362535,0.940465637465,0.000010102522,0.000279016436,0.999720983564
28,0.001023628721,0.060557991256,0.939442008744,0.000010091690,0.000289108126,0.999710891874
29,0.000992116407,0.061550107663,0.938449892337,0.000010080485,0.000299188611,0.999700811389
30,0.000961696845,0.062511804508,0.937488195492,0.000010071229,0.000309259840,0.999690740160
31,0.000931946404,0.063443750912,0.936556249088,0.000010062978,0.000319322818,0.999680677182
32,0.000903602045,0.064347352957,0.935652647043,0.000010056093,0.000329378911,0.999670621089
33,0.000876229415,0.065223582372,0.934776417628,0.000010049254,0.000339428165,0.999660571835
34,0.000849791128,0.066073373500,0.933926626500,0.000010041411,0.000349469576,0.999650530424
35,0.000824254384,0.066897627884,0.933102372116,0.000010034604,0.000359504180,0.999640495820
36,0.000799586497,0.067697214381,0.932302785619,0.000009793941,0.000369298121,0.999630701879
37,0.000775756883,0.068472971263,0.931527028737,0.000009801356,0.000379099477,0.999620900523
38,0.000752732446,0.069225703709,0.930774296291,0.000009809362,0.000388908838,0.999611091162
39,0.000730481855,0.069956185564,0.930043814436,0.000009816173,0.000398725011,0.999601274989
40,0.000708977770,0.070665163334,0.929334836666,0.000009818219,0.000408543229,0.999591456771
41,0.000688193520,0.071353356854,0.928646643146,0.000009825227,0.000418368457,0.999581631543
42,0.000668103419,0.072021460274,0.927978539726,0.000009833075,0.000428201532,0.999571798468
43,0.000648681664,0.072670141937,0.927329858063,0.000009841069,0.000438042601,0.999561957399
44,0.000629689056,0.073299830994,0.926700169006,0.000009849841,0.000447892442,0.999552107558
45,0.000611345723,0.073911176716,0.926088823284,0.000009858720,0.000457751162,0.999542248838
46,0.000593642458,0.074504819175,0.925495180825,0.000009866922,0.000467618085,0.999532381915
47,0.000576676924,0.075081496099,0.924918503901,0.000009876583,0.000477494667,0.999522505333
48,0.000560268390,0.075641764489,0.924358235511,0.000009886702,0.000487381369,0.999512618631
49,0.000544206487,0.076185970976,0.923814029024,0.000009896089,0.000497277458,0.999502722542
50,0.000528853788,0.076714824764,0.923285175236,0.000009904964,0.000507182423,0.999492817577
51,0.000514001344,0.077228826108,0.922771173892,0.000009914829,0.000517097252,0.999482902748
52,0.000499628966,0.077728455074,0.922271544926,0.000009925448,0.000527022700,0.999472977300
53,0.000485722622,0.078214177696,0.921785822304,0.000009934909,0.000536957609,0.999463042391
54,0.000472073469,0.078686251165,0.921313748835,0.000009944085,0.000546901694,0.999453098306
55,0.000459051708,0.079145302873,0.920854697127,0.000009954419,0.000556856114,0.999443143886
56,0.000446448504,0.079591751378,0.920408248622,0.000009965460,0.000566821574,0.999433178426
57,0.000434248561,0.080025999939,0.919974000061,0.000009973876,0.000576795450,0.999423204550
58,0.000422438743,0.080448438681,0.919551561319,0.000009985496,0.000586780946,0.999413219054
59,0.000411005322,0.080859444003,0.919140555997,0.000009997494,0.000596778440,0.999403221560
60,0.000399839312,0.081259283316,0.918740716684,0.000010008432,0.000606786872,0.999393213128
61,0.000389123684,0.081648407000,0.918351593000,0.000010020775,0.000616807646,0.999383192354
62,0.000378745841,0.082027152841,0.917972847159,0.000010032348,0.000626839994,0.999373160006
63,0.000368696597,0.082395849438,0.917604150562,0.000010045496,0.000636885491,0.999363114509
64,0.000358963720,0.082754813158,0.917245186842,0.000010059091,0.000646944581,0.999353055419
65,0.000349536208,0.083104349366,0.916895650634,0.000010072827,0.000657017409,0.999342982591
66,0.000340403750,0.083444753116,0.916555246884,0.000010086702,0.000667104110,0.999332895890
67,0.000331556129,0.083776309246,0.916223690754,0.000010100429,0.000677204540,0.999322795460
68,0.000322983771,0.084099293017,0.915900706983,0.000010114005,0.000687318545,0.999312681455
69,0.000314678112,0.084413971129,0.915586028871,0.000010127997,0.000697446542,0.999302553458
70,0.000306628851,0.084720599980,0.915279400020,0.000010141181,0.000707587723,0.999292412277
71,0.000298829446,0.085019429426,0.914980570574,0.000010155491,0.000717743214,0.999282256786
72,0.000291270192,0.085310699618,0.914689300382,0.000010169488,0.000727912702,0.999272087298
73,0.000283944191,0.085594643809,0.914405356191,0.000010184239,0.000738096940,0.999261903060
74,0.000276842449,0.085871486257,0.914128513743,0.000010198435,0.000748295375,0.999251704625
75,0.000269958891,0.086141445148,0.913858554852,0.000010213411,0.000758508786,0.999241491214
76,0.000263285700,0.086404730849,0.913595269151,0.000010228496,0.000768737282,0.999231262718
77,0.000256815749,0.086661546598,0.913338453402,0.000010243457,0.000778980739,0.999221019261
78,0.000250542845,0.086912089442,0.913087910558,0.000010258753,0.000789239493,0.999210760507
79,0.000244460338,0.087156549781,0.912843450219,0.000010274152,0.000799513645,0.999200486355
80,0.000238561691,0.087395111472,0.912604888528,0.000010289306,0.000809802951,0.999190197049
81,0.000232841614,0.087627953086,0.912372046914,0.000010304902,0.000820107853,0.999179892147
82,0.000227293872,0.087855246958,0.912144753042,0.000010320447,0.000830428300,0.999169571700
83,0.000221913140,0.088077160097,0.911922839903,0.000010336232,0.000840764531,0.999159235469
84,0.000216693721,0.088293853818,0.911706146182,0.000010351908,0.000851116439,0.999148883561
85,0.000211630474,0.088505484292,0.911494515708,0.000010367522,0.000861483961,0.999138516039
86,0.000206713529,0.088712197820,0.911287802180,0.000010383082,0.000871867043,0.999128132957
87,0.000201599102,0.088913796922,0.911086203078,0.000010339086,0.000882206129,0.999117793871
88,0.000196372148,0.089110169071,0.910889830929,0.000010282301,0.000892488430,0.999107511570
89,0.000191563360,0.089301732430,0.910698267570,0.000010220675,0.000902709106,0.999097290894
90,0.000186788424,0.089488520854,0.910511479146,0.000010194906,0.000912904012,0.999087095988
91,0.000182218116,0.089670738970,0.910329261030,0.000010169185,0.000923073197,0.999076926803
92,0.000177835793,0.089848574763,0.910151425237,0.000010139498,0.000933212695,0.999066787305
93,0.000173636481,0.090022211244,0.909977788756,0.000010086186,0.000943298881,0.999056701119
94,0.000169473910,0.090191685154,0.909808314846,0.000010035671,0.000953334552,0.999046665448
95,0.000165515841,0.090357200995,0.909642799005,0.000010004012,0.000963338564,0.999036661436
96,0.000161525051,0.090518726046,0.909481273954,0.000009960977,0.000973299541,0.999026700459
97,0.000157939652,0.090676665698,0.909323334302,0.000009938867,0.000983238407,0.999016761593
98,0.000154260765,0.090830926463,0.909169073537,0.000009922640,0.000993161047,0.999006838953
99,0.000150786041,0.090981712504,0.909018287496,0.000009909548,0.001003070595,0.998996929405
100,0.000147352967,0.091129065472,0.908870934528,0.000009893538,0.001012964133,0.998987035867
101,0.000144012395,0.091273077867,0.908726922133,0.000009880520,0.001022844653,0.998977155347
102,0.000140910552,0.091413988418,0.908586011582,0.000009877182,0.001032721834,0.998967278166
103,0.000137853278,0.091551841696,0.908448158304,0.000009874510,0.001042596345,0.998957403655
104,0.000134892079,0.091686733775,0.908313266225,0.000009871093,0.001052467438,0.998947532562
105,0.000132012872,0.091818746646,0.908181253354,0.000009867122,0.001062334561,0.998937665439
106,0.000129220521,0.091947967167,0.908052032833,0.000009860848,0.001072195408,0.998927804592
107,0.000126592960,0.092074560127,0.907925439873,0.000009861144,0.001082056553,0.998917943447
108,0.000124086256,0.092198646383,0.907801353617,0.000009855129,0.001091911681,0.998908088319
109,0.000121560318,0.092320206701,0.907679793299,0.000009849165,0.001101760846,0.998898239154
110,0.000119159053,0.092439365754,0.907560634246,0.000009845690,0.001111606536,0.998888393464
111,0.000116761894,0.092556127647,0.907443872353,0.000009840150,0.001121446686,0.998878553314
112,0.000114471414,0.092670599061,0.907329400939,0.000009834599,0.001131281285,0.998868718715
113,0.000112237729,0.092782836790,0.907217163210,0.000009830318,0.001141111603,0.998858888397
114,0.000110003848,0.092892840639,0.907107159361,0.000009818713,0.001150930316,0.998849069684
115,0.000107842691,0.093000683329,0.906999316671,0.000009813870,0.001160744186,0.998839255814
116,0.000105744206,0.093106427536,0.906893572464,0.000009814295,0.001170558482,0.998829441518
117,0.000103736587,0.093210164123,0.906789835877,0.000009818621,0.001180377102,0.998819622898
118,0.000101836262,0.093312000385,0.906687999615,0.000009823444,0.001190200547,0.998809799453
119,0.000099943067,0.093411943452,0.906588056548,0.000009819576,0.001200020123,0.998799979877
120,0.000098167690,0.093510111141,0.906489888859,0.000009816506,0.001209836629,0.998790163371
121,0.000096345398,0.093606456540,0.906393543460,0.000009814534,0.001219651163,0.998780348837
122,0.000094615099,0.093701071639,0.906298928361,0.000009806877,0.001229458040,0.998770541960
123,0.000093013695,0.093794085333,0.906205914667,0.000009822032,0.001239280072,0.998760719928
124,0.000091458056,0.093885543389,0.906114456611,0.000009838425,0.001249118497,0.998750881503
125,0.000089848891,0.093975392281,0.906024607719,0.000009854358,0.001258972855,0.998741027145
126,0.000088380273,0.094063772553,0.905936227447,0.000009870763,0.001268843619,0.998731156381
127,0.000086952501,0.094150725054,0.905849274946,0.000009887285,0.001278730904,0.998721269096
128,0.000085564324,0.094236289379,0.905763710621,0.000009903850,0.001288634754,0.998711365246
129,0.000084214369,0.094320503747,0.905679496253,0.000009920175,0.001298554929,0.998701445071
130,0.000082901785,0.094403405532,0.905596594468,0.000009936614,0.001308491543,0.998691508457
131,0.000081625605,0.094485031138,0.905514968862,0.000009953303,0.001318444846,0.998681555154
132,0.000080384398,0.094565415536,0.905434584464,0.000009969756,0.001328414602,0.998671585398
133,0.000079171541,0.094644587077,0.905355412923,0.000009986033,0.001338400634,0.998661599366
134,0.000077997891,0.094722584968,0.905277415032,0.000010002842,0.001348403476,0.998651596524
135,0.000076856140,0.094799441107,0.905200558893,0.000010019364,0.001358422840,0.998641577160
136,0.000075681717,0.094875122825,0.905124877175,0.000010035962,0.001368458803,0.998631541197
137,0.000074602518,0.094949725342,0.905050274658,0.000010052595,0.001378511397,0.998621488603
138,0.000073553067,0.095023278409,0.904976721591,0.000010069560,0.001388580958,0.998611419042
139,0.000072532170,0.095095810579,0.904904189421,0.000010086405,0.001398667363,0.998601332637
140,0.000071539266,0.095167349845,0.904832650155,0.000010103447,0.001408770810,0.998591229190
141,0.000070573432,0.095237923277,0.904762076723,0.000010120528,0.001418891338,0.998581108662
142,0.000069608879,0.095307532156,0.904692467844,0.000010137377,0.001429028715,0.998570971285
143,0.000068694887,0.095376227043,0.904623772957,0.000010154532,0.001439183247,0.998560816753
144,0.000067805730,0.095444032773,0.904555967227,0.000010171725,0.001449354972,0.998550645028
145,0.000066940706,0.095510973479,0.904489026521,0.000010188955,0.001459543927,0.998540456073
146,0.000066098833,0.095577072311,0.904422927689,0.000010205919,0.001469749846,0.998530250154
147,0.000065255427,0.095642327738,0.904357672262,0.000010208322,0.001479958167,0.998520041833
148,0.000064431352,0.095706759090,0.904293240910,0.000010210778,0.001490168946,0.998509831054
149,0.000063575311,0.095770334401,0.904229665599,0.000010200181,0.001500369127,0.998499630873
150,0.000062758987,0.095833093388,0.904166906612,0.000010201469,0.001510570596,0.998489429404
151,0.000061906611,0.095894999999,0.904105000001,0.000010201485,0.001520772080,0.998479227920
152,0.000061116313,0.095956116313,0.904043883687,0.000010199908,0.001530971988,0.998469028012
153,0.000060192290,0.096016308603,0.903983691397,0.000010181994,0.001541153982,0.998458846018
154,0.000059394493,0.096075703096,0.903924296904,0.000010176247,0.001551330229,0.998448669771
155,0.000058557918,0.096134261014,0.903865738986,0.000010171882,0.001561502112,0.998438497888
156,0.000057855514,0.096192116528,0.903807883472,0.000010166110,0.001571668222,0.998428331778
157,0.000057159945,0.096249276473,0.903750723527,0.000010170272,0.001581838493,0.998418161507
158,0.000056540426,0.096305816899,0.903694183101,0.000010177750,0.001592016244,0.998407983756
159,0.000055903674,0.096361720573,0.903638279427,0.000010184725,0.001602200968,0.998397799032
160,0.000055285467,0.096417006040,0.903582993960,0.000010191969,0.001612392937,0.998387607063
161,0.000054686876,0.096471692916,0.903528307084,0.000010193804,0.001622586742,0.998377413258
162,0.000054096944,0.096525789860,0.903474210140,0.000010199720,0.001632786462,0.998367213538
163,0.000053470149,0.096579260009,0.903420739991,0.000010208285,0.001642994746,0.998357005254
164,0.000052882051,0.096632142060,0.903367857940,0.000010214719,0.001653209466,0.998346790534
165,0.000052349571,0.096684491631,0.903315508369,0.000010223389,0.001663432854,0.998336567146
166,0.000051836018,0.096736327650,0.903263672350,0.000010234473,0.001673667328,0.998326332672
167,0.000051353852,0.096787681502,0.903212318498,0.000010242925,0.001683910252,0.998316089748
168,0.000050848256,0.096838529758,0.903161470242,0.000010244388,0.001694154641,0.998305845359
169,0.000050387588,0.096888917346,0.903111082654,0.000010254655,0.001704409296,0.998295590704
170,0.000049934381,0.096938851727,0.903061148273,0.000010260991,0.001714670287,0.998285329713
171,0.000049463306,0.096988315033,0.903011684967,0.000010265976,0.001724936262,0.998275063738
172,0.000049001307,0.097037316340,0.902962683660,0.000010271818,0.001735208080,0.998264791920
173,0.000048560251,0.097085876591,0.902914123409,0.000010277215,0.001745485296,0.998254514704
174,0.000048155075,0.097134031666,0.902865968334,0.000010285300,0.001755770596,0.998244229404
175,0.000047708911,0.097181740577,0.902818259423,0.000010291883,0.001766062479,0.998233937521
176,0.000047333564,0.097229074141,0.902770925859,0.000010303565,0.001776366044,0.998223633956
177,0.000046948889,0.097276023030,0.902723976970,0.000010313595,0.001786679639,0.998213320361
178,0.000046558759,0.097322581789,0.902677418211,0.000010304092,0.001796983731,0.998203016269
179,0.000046194684,0.097368776473,0.902631223527,0.000010314701,0.001807298432,0.998192701568
180,0.000045848260,0.097414624733,0.902585375267,0.000010319886,0.001817618317,0.998182381683
181,0.000045490843,0.097460115577,0.902539884423,0.000010330032,0.001827948349,0.998172051651
182,0.000045160514,0.097505276091,0.902494723909,0.000010339834,0.001838288183,0.998161711817
183,0.000044861711,0.097550137802,0.902449862198,0.000010357273,0.001848645456,0.998151354544
184,0.000044570696,0.097594708498,0.902405291502,0.000010374431,0.001859019888,0.998140980112
185,0.000044287708,0.097638996206,0.902361003794,0.000010391939,0.001869411827,0.998130588173
186,0.000043990492,0.097682986698,0.902317013302,0.000010409507,0.001879821333,0.998120178667
187,0.000043722332,0.097726709030,0.902273290970,0.000010426961,0.001890248295,0.998109751705
188,0.000043461511,0.097770170541,0.902229829459,0.000010444593,0.001900692888,0.998099307112
189,0.000043189433,0.097813359975,0.902186640025,0.000010462115,0.001911155003,0.998088844997
190,0.000042942792,0.097856302766,0.902143697234,0.000010479793,0.001921634796,0.998078365204
191,0.000042702968,0.097899005734,0.902100994266,0.000010497720,0.001932132516,0.998067867484
192,0.000042469423,0.097941475157,0.902058524843,0.000010515500,0.001942648016,0.998057351984
193,0.000042231962,0.097983707119,0.902016292881,0.000010533239,0.001953181256,0.998046818744
194,0.000042010957,0.098025718076,0.901974281924,0.000010550948,0.001963732203,0.998036267797
195,0.000041796030,0.098067514106,0.901932485894,0.000010568757,0.001974300960,0.998025699040
196,0.000041586833,0.098109100939,0.901890899061,0.000010586495,0.001984887455,0.998015112545
197,0.000041383578,0.098150484517,0.901849515483,0.000010604610,0.001995492065,0.998004507935
198,0.000041185454,0.098191669972,0.901808330028,0.000010622277,0.002006114342,0.997993885658
199,0.000040993092,0.098232663064,0.901767336936,0.000010640455,0.002016754797,0.997983245203
200,0.000040805784,0.098273468848,0.901726531152,0.000010658439,0.002027413236,0.997972586764
201,0.000040623765,0.098314092612,0.901685907388,0.000010676681,0.002038089917,0.997961910083
202,0.000040446720,0.098354539333,0.901645460667,0.000010694953,0.002048784870,0.997951215130
203,0.000040274233,0.098394813565,0.901605186435,0.000010712967,0.002059497837,0.997940502163
204,0.000040106363,0.098434919928,0.901565080072,0.000010730547,0.002070228383,0.997929771617
205,0.000039943067,0.098474862995,0.901525137005,0.000010748481,0.002080976865,0.997919023135
206,0.000039784690,0.098514647685,0.901485352315,0.000010766879,0.002091743744,0.997908256256
207,0.000039606885,0.098554254570,0.901445745430,0.000010782321,0.002102526064,0.997897473936
208,0.000039454225,0.098593708795,0.901406291205,0.000010796627,0.002113322692,0.997886677308
209,0.000039297296,0.098633006091,0.901366993909,0.000010811223,0.002124133914,0.997875866086
210,0.000039154679,0.098672160770,0.901327839230,0.000010828105,0.002134962019,0.997865037981
211,0.000039016715,0.098711177485,0.901288822515,0.000010845731,0.002145807750,0.997854192250
212,0.000038875203,0.098750052688,0.901249947312,0.000010862678,0.002156670428,0.997843329572
213,0.000038737379,0.098788790066,0.901211209934,0.000010876571,0.002167546999,0.997832453001
214,0.000038608808,0.098827398874,0.901172601126,0.000010893144,0.002178440143,0.997821559857
215,0.000038481413,0.098865880287,0.901134119713,0.000010906589,0.002189346732,0.997810653268
216,0.000038359385,0.098904239672,0.901095760328,0.000010921964,0.002200268696,0.997799731304
217,0.000038241494,0.098942481166,0.901057518834,0.000010938176,0.002211206872,0.997788793128
218,0.000038120225,0.098980601391,0.901019398609,0.000010954355,0.002222161227,0.997777838773
219,0.000038008931,0.099018610322,0.900981389678,0.000010970722,0.002233131948,0.997766868052
220,0.000037902028,0.099056512350,0.900943487650,0.000010988328,0.002244120276,0.997755879724
221,0.000037776393,0.099094288743,0.900905711257,0.000011004174,0.002255124450,0.997744875550
222,0.000037669348,0.099131958091,0.900868041909,0.000011021120,0.002266145570,0.997733854430
223,0.000037571350,0.099169529440,0.900830470560,0.000011038753,0.002277184323,0.997722815677
224,0.000037470023,0.099206999463,0.900793000537,0.000011057098,0.002288241422,0.997711758578
225,0.000037372854,0.099244372317,0.900755627683,0.000011073640,0.002299315062,0.997700684938
226,0.000037278222,0.099281650539,0.900718349461,0.000011091612,0.002310406674,0.997689593326
227,0.000037190766,0.099318841306,0.900681158694,0.000011108975,0.002321515649,0.997678484351
228,0.000037106788,0.099355948094,0.900644051906,0.000011126876,0.002332642525,0.997667357475
229,0.000037024751,0.099392972845,0.900607027155,0.000011144763,0.002343787288,0.997656212712
230,0.000036946164,0.099429919009,0.900570080991,0.000011163557,0.002354950845,0.997645049155
231,0.000036839406,0.099466758415,0.900533241585,0.000011180231,0.002366131076,0.997633868924
232,0.000036764311,0.099503522726,0.900496477274,0.000011197576,0.002377328652,0.997622671348
233,0.000036691243,0.099540213969,0.900459786031,0.000011214803,0.002388543456,0.997611456544
234,0.000036588723,0.099576802692,0.900423197308,0.000011232025,0.002399775480,0.997600224520
235,0.000036521111,0.099613323803,0.900386676197,0.000011250268,0.002411025748,0.997588974252
236,0.000036455658,0.099649779461,0.900350220539,0.000011268648,0.002422294396,0.997577705604
237,0.000036391322,0.099686170783,0.900313829217,0.000011286130,0.002433580526,0.997566419474
238,0.000036327256,0.099722498039,0.900277501961,0.000011304642,0.002444885168,0.997555114832
239,0.000036267886,0.099758765925,0.900241234075,0.000011323132,0.002456208300,0.997543791700
240,0.000036209826,0.099794975751,0.900205024249,0.000011341016,0.002467549316,0.997532450684
241,0.000036154521,0.099831130273,0.900168869727,0.000011359442,0.002478908758,0.997521091242
242,0.000036097947,0.099867228220,0.900132771780,0.000011378189,0.002490286947,0.997509713053
243,0.000036040276,0.099903268496,0.900096731504,0.000011396529,0.002501683475,0.997498316525
244,0.000035985634,0.099939254130,0.900060745870,0.000011415800,0.002513099275,0.997486900725
245,0.000035937842,0.099975191972,0.900024808028,0.000011435341,0.002524534616,0.997475465384
246,0.000035891492,0.100011083464,0.899988916536,0.000011454713,0.002535989329,0.997464010671
247,0.000035846782,0.100046930245,0.899953069755,0.000011474112,0.002547463441,0.997452536559
248,0.000035803571,0.100082733817,0.899917266183,0.000011493521,0.002558956962,0.997441043038
249,0.000035761402,0.100118495219,0.899881504781,0.000011512457,0.002570469419,0.997429530581
250,0.000035721204,0.100154216423,0.899845783577,0.000011531700,0.002582001119,0.997417998881
251,0.000035648052,0.100189864474,0.899810135526,0.000011551058,0.002593552177,0.997406447823
252,0.000035610969,0.100225475444,0.899774524556,0.000011570829,0.002605123006,0.997394876994
253,0.000035575275,0.100261050719,0.899738949281,0.000011590634,0.002616713641,0.997383286359
254,0.000035540738,0.100296591457,0.899703408543,0.000011610226,0.002628323867,0.997371676133
255,0.000035507427,0.100332098884,0.899667901116,0.000011629717,0.002639953584,0.997360046416
256,0.000035475703,0.100367574587,0.899632425413,0.000011649622,0.002651603205,0.997348396795
257,0.000035443593,0.100403018180,0.899596981820,0.000011668877,0.002663272082,0.997336727918
258,0.000035414399,0.100438432579,0.899561567421,0.000011688849,0.002674960931,0.997325039069
259,0.000035386407,0.100473818986,0.899526181014,0.000011708854,0.002686669785,0.997313330215
260,0.000035359205,0.100509178191,0.899490821809,0.000011728421,0.002698398206,0.997301601794
261,0.000035332221,0.100544510412,0.899455489588,0.000011747149,0.002710145355,0.997289854645
262,0.000035307114,0.100579817526,0.899420182474,0.000011766589,0.002721911944,0.997278088056
263,0.000035278404,0.100615095930,0.899384904070,0.000011785607,0.002733697550,0.997266302450
264,0.000035255716,0.100650351645,0.899349648355,0.000011805421,0.002745502971,0.997254497029
265,0.000035181824,0.100685533469,0.899314466531,0.000011825123,0.002757328094,0.997242671906
266,0.000035156670,0.100720690139,0.899279309861,0.000011840460,0.002769168554,0.997230831446
267,0.000034770070,0.100755460209,0.899244539791,0.000011675591,0.002780844146,0.997219155854
268,0.000034073988,0.100789534197,0.899210465803,0.000011423640,0.002792267786,0.997207732214
269,0.000032983371,0.100822517568,0.899177482432,0.000011111540,0.002803379326,0.997196620674
270,0.000032365755,0.100854883323,0.899145116677,0.000010867394,0.002814246720,0.997185753280
271,0.000031640734,0.100886524057,0.899113475943,0.000010610394,0.002824857113,0.997175142887
272,0.000030733747,0.100917257805,0.899082742195,0.000010276790,0.002835133904,0.997164866096
273,0.000029773715,0.100947031520,0.899052968480,0.000009822663,0.002844956567,0.997155043433
274,0.000028109952,0.100975141471,0.899024858529,0.000009327616,0.002854284183,0.997145715817
275,0.000026680902,0.101001822373,0.898998177627,0.000008855828,0.002863140012,0.997136859988
276,0.000025632526,0.101027454899,0.898972545101,0.000008431949,0.002871571961,0.997128428039
277,0.000024719076,0.101052173974,0.898947826026,0.000008100871,0.002879672832,0.997120327168
278,0.000023924118,0.101076098093,0.898923901907,0.000007792674,0.002887465506,0.997112534494
279,0.000023224646,0.101099322739,0.898900677261,0.000007543878,0.002895009384,0.997104990616
280,0.000022490175,0.101121812913,0.898878187087,0.000007282381,0.002902291764,0.997097708236
281,0.000021631543,0.101143444456,0.898856555544,0.000006975829,0.002909267593,0.997090732407
282,0.000020897581,0.101164342037,0.898835657963,0.000006742084,0.002916009678,0.997083990322
283,0.000020060362,0.101184402399,0.898815597601,0.000006502004,0.002922511681,0.997077488319
284,0.000019270621,0.101203673020,0.898796326980,0.000006249071,0.002928760752,0.997071239248
285,0.000018441737,0.101222114756,0.898777885244,0.000006023142,0.002934783895,0.997065216105
286,0.000017823429,0.101239938185,0.898760061815,0.000005778138,0.002940562033,0.997059437967
287,0.000016909896,0.101256848081,0.898743151919,0.000005543748,0.002946105781,0.997053894219
288,0.000015988438,0.101272836519,0.898727163481,0.000005247518,0.002951353299,0.997048646701
289,0.000015263492,0.101288100010,0.898711899990,0.000004963869,0.002956317168,0.997043682832
290,0.000014432074,0.101302532084,0.898697467916,0.000004647771,0.002960964939,0.997039035061
291,0.000013701498,0.101316233583,0.898683766417,0.000004353093,0.002965318032,0.997034681968
292,0.000013087953,0.101329321535,0.898670678465,0.000004059732,0.002969377764,0.997030622236
293,0.000012173198,0.101341494733,0.898658505267,0.000003696028,0.002973073792,0.997026926208
294,0.000011072684,0.101352567417,0.898647432583,0.000003349380,0.002976423172,0.997023576828
295,0.000009698049,0.101362265466,0.898637734534,0.000002970538,0.002979393709,0.997020606291
296,0.000009049783,0.101371315248,0.898628684752,0.000002663876,0.002982057586,0.997017942414
297,0.000008344319,0.101379659567,0.898620340433,0.000002378163,0.002984435749,0.997015564251
298,0.000007478883,0.101387138450,0.898612861550,0.000002087186,0.002986522935,0.997013477065
299,0.000006599819,0.101393738268,0.898606261732,0.000001810527,0.002988333462,0.997011666538
300,0.000005651052,0.101399389321,0.898600610679,0.000001481955,0.002989815417,0.997010184583
301,0.000004907098,0.101404296419,0.898595703581,0.000001181096,0.002990996513,0.997009003487
302,0.000004096948,0.101408393366,0.898591606634,0.000000817795,0.002991814308,0.997008185692
303,0.000004062699,0.101412456065,0.898587543935,0.000000806059,0.002992620367,0.997007379633
304,0.000004054305,0.101416510370,0.898583489630,0.000000802776,0.002993423143,0.997006576857
305,0.000004030016,0.101420540386,0.898579459614,0.000000796539,0.002994219681,0.997005780319
306,0.000004010376,0.101424550761,0.898575449239,0.000000790935,0.002995010617,0.997004989383
307,0.000003970099,0.101428520861,0.898571479139,0.000000786831,0.002995797448,0.997004202552
308,0.000003952806,0.101432473666,0.898567526334,0.000000782776,0.002996580224,0.997003419776
309,0.000003934442,0.101436408109,0.898563591891,0.000000779754,0.002997359978,0.997002640022
310,0.000003907856,0.101440315965,0.898559684035,0.000000778984,0.002998138962,0.997001861038
311,0.000003901882,0.101444217847,0.898555782153,0.000000777635,0.002998916597,0.997001083403
312,0.000003894270,0.101448112117,0.898551887883,0.000000777551,0.002999694148,0.997000305852
313,0.000003870362,0.101451982479,0.898548017521,0.000000777287,0.003000471435,0.996999528565
314,0.000003857819,0.101455840298,0.898544159702,0.000000774736,0.003001246171,0.996998753829
315,0.000003840695,0.101459680993,0.898540319007,0.000000771533,0.003002017704,0.996997982296
316,0.000003836048,0.101463517041,0.898536482959,0.000000769655,0.003002787359,0.996997212641
317,0.000003821549,0.101467338590,0.898532661410,0.000000767581,0.003003554939,0.996996445061
318,0.000003764048,0.101471102638,0.898528897362,0.000000766508,0.003004321447,0.996995678553
319,0.000003756879,0.101474859517,0.898525140483,0.000000765353,0.003005086800,0.996994913200
320,0.000003723218,0.101478582735,0.898521417265,0.000000764531,0.003005851330,0.996994148670
321,0.000003719652,0.101482302387,0.898517697613,0.000000764790,0.003006616121,0.996993383879
322,0.000003715628,0.101486018016,0.898513981984,0.000000764440,0.003007380561,0.996992619439
323,0.000003712476,0.101489730492,0.898510269508,0.000000764824,0.003008145385,0.996991854615
324,0.000003709259,0.101493439752,0.898506560248,0.000000765204,0.003008910589,0.996991089411
325,0.000003705732,0.101497145484,0.898502854516,0.000000765078,0.003009675667,0.996990324333
326,0.000003667873,0.101500813357,0.898499186643,0.000000763870,0.003010439537,0.996989560463
327,0.000003661389,0.101504474746,0.898495525254,0.000000763777,0.003011203314,0.996988796686
328,0.000003649971,0.101508124717,0.898491875283,0.000000762307,0.003011965620,0.996988034380
329,0.000003633857,0.101511758574,0.898488241426,0.000000760848,0.003012726468,0.996987273532
330,0.000003630344,0.101515388918,0.898484611082,0.000000760145,0.003013486613,0.996986513387
331,0.000003626546,0.101519015464,0.898480984536,0.000000758328,0.003014244941,0.996985755059
332,0.000003624763,0.101522640227,0.898477359773,0.000000759633,0.003015004573,0.996984995427
333,0.000003597817,0.101526238044,0.898473761956,0.000000757433,0.003015762006,0.996984237994
334,0.000003594716,0.101529832760,0.898470167240,0.000000756900,0.003016518906,0.996983481094
335,0.000003579247,0.101533412008,0.898466587992,0.000000755265,0.003017274171,0.996982725829
336,0.000003554696,0.101536966703,0.898463033297,0.000000754393,0.003018028564,0.996981971436
337,0.000003551986,0.101540518689,0.898459481311,0.000000753836,0.003018782401,0.996981217599
338,0.000003550043,0.101544068732,0.898455931268,0.000000754435,0.003019536836,0.996980463164
339,0.000003542798,0.101547611530,0.898452388470,0.000000752423,0.003020289259,0.996979710741
340,0.000003539718,0.101551151248,0.898448848752,0.000000751398,0.003021040657,0.996978959343
341,0.000003537351,0.101554688599,0.898445311401,0.000000750731,0.003021791388,0.996978208612
342,0.000003504827,0.101558193426,0.898441806574,0.000000748185,0.003022539573,0.996977460427
343,0.000003502308,0.101561695734,0.898438304266,0.000000747351,0.003023286924,0.996976713076
344,0.000003500571,0.101565196305,0.898434803695,0.000000746858,0.003024033782,0.996975966218
345,0.000003493723,0.101568690028,0.898431309972,0.000000745620,0.003024779402,0.996975220598
346,0.000003491866,0.101572181894,0.898427818106,0.000000744804,0.003025524206,0.996974475794
347,0.000003483041,0.101575664935,0.898424335065,0.000000743403,0.003026267610,0.996973732390
348,0.000003480787,0.101579145722,0.898420854278,0.000000742916,0.003027010526,0.996972989474
349,0.000003479485,0.101582625207,0.898417374793,0.000000743499,0.003027754025,0.996972245975
350,0.000003424112,0.101586049319,0.898413950681,0.000000743301,0.003028497326,0.996971502674
351,0.000003422154,0.101589471473,0.898410528527,0.000000742804,0.003029240130,0.996970759870
352,0.000003415691,0.101592887163,0.898407112837,0.000000741228,0.003029981359,0.996970018641
353,0.000003414554,0.101596301717,0.898403698283,0.000000741554,0.003030722912,0.996969277088
354,0.000003413386,0.101599715103,0.898400284897,0.000000742297,0.003031465210,0.996968534790
355,0.000003412055,0.101603127158,0.898396872842,0.000000742265,0.003032207474,0.996967792526
356,0.000003411630,0.101606538789,0.898393461211,0.000000743541,0.003032951016,0.996967048984
357,0.000003410505,0.101609949294,0.898390050706,0.000000743889,0.003033694904,0.996966305096
358,0.000003398696,0.101613347990,0.898386652010,0.000000742031,0.003034436936,0.996965563064
359,0.000003394929,0.101616742919,0.898383257081,0.000000742730,0.003035179666,0.996964820334
360,0.000003388161,0.101620131081,0.898379868919,0.000000743228,0.003035922894,0.996964077106
