reporting_month,state,rows,weighted_rows
200501,CURRENT,36,1218.0095999999999
200502,CURRENT,2230,75448.928
200502,PAID_OFF,2,67.6672
200503,30_DPD,18,609.0047999999999
200503,60_DPD,1,33.8336
200503,CURRENT,5010,169506.33599999998
200503,PAID_OFF,11,372.16959999999995
200504,30_DPD,35,1184.176
200504,CENSORED_DEFECT,1,33.8336
200504,CURRENT,9210,311993.8133999999
200504,PAID_OFF,15,507.50399999999996
200505,30_DPD,63,2131.5168
200505,60_DPD,2,67.6672
200505,CURRENT,12146,423875.9719
200505,PAID_OFF,36,1227.9162000000001
200506,30_DPD,67,2326.2907999999998
200506,60_DPD,7,236.8352
200506,90_PLUS,1,33.8336
200506,CURRENT,15163,540806.8898
200506,PAID_OFF,56,1939.2613
200507,30_DPD,104,3726.733
200507,60_DPD,7,251.6951
200507,90_PLUS,2,67.6672
200507,CENSORED_DEFECT,10,382.9157
200507,CURRENT,18466,669867.9038
200507,PAID_OFF,95,3352.8844
200508,30_DPD,109,4002.0611
200508,60_DPD,12,430.7697
200508,90_PLUS,4,135.3344
200508,CURRENT,21628,825785.8258999999
200508,PAID_OFF,135,4782.6687
200509,30_DPD,162,6260.557500000001
200509,60_DPD,15,547.1304
200509,90_PLUS,7,251.6951
200509,CENSORED_DEFECT,1,38.7869
200509,CURRENT,24902,993296.8057
200509,PAID_OFF,128,4643.5561
200510,30_DPD,203,8060.7052
200510,60_DPD,44,1636.6057
200510,90_PLUS,13,479.46320000000003
200510,CENSORED_DEFECT,2,72.62049999999999
200510,CURRENT,27676,1135623.2651
200510,PAID_OFF,148,5455.4363
200511,30_DPD,248,9841.0402
200511,60_DPD,35,1382.4337
200511,90_PLUS,32,1171.8346000000001
200511,CENSORED_DEFECT,1,50.8343
200511,CURRENT,31181,1273499.8492
200511,PAID_OFF,130,5015.0435
200512,30_DPD,275,10968.3043
200512,60_DPD,35,1353.3856
200512,90_PLUS,31,1133.0477
200512,CURRENT,34144,1386538.2749
200512,PAID_OFF,154,5958.3494
200601,30_DPD,261,10554.1443
200601,60_DPD,37,1444.0514
200601,90_PLUS,36,1336.2171
200601,CURRENT,37014,1494814.1727
200601,DEFAULTED,1,33.8336
200601,PAID_OFF,153,6039.0842999999995
200602,30_DPD,303,12096.6249
200602,60_DPD,40,1653.0782000000002
200602,90_PLUS,39,1470.6231
200602,CURRENT,39786,1579808.5908
200602,DEFAULTED,1,33.8336
200602,PAID_OFF,163,6363.4166
200603,30_DPD,215,8426.8444
200603,60_DPD,36,1365.7821
200603,90_PLUS,35,1358.2873
200603,CURRENT,42726,1667834.3391
200603,DEFAULTED,1,33.8336
200603,PAID_OFF,234,9199.2681
200604,30_DPD,334,12902.154199999999
200604,60_DPD,39,1517.3592
200604,90_PLUS,44,1644.6928
200604,CURRENT,45637,1752672.9027
200604,DEFAULTED,1,38.7869
200604,PAID_OFF,221,8557.8784
200605,30_DPD,342,12927.7573
200605,60_DPD,33,1275.6408
200605,90_PLUS,44,1661.9314
200605,CURRENT,48426,1837092.2922
200605,DEFAULTED,3,111.4074
200605,PAID_OFF,245,9320.537699999999
200606,30_DPD,355,13495.479599999999
200606,60_DPD,49,1839.7903999999999
200606,90_PLUS,50,1920.8209
200606,CENSORED_DEFECT,1,30.8208
200606,CURRENT,51179,1919601.4419
200606,DEFAULTED,2,72.62049999999999
200606,PAID_OFF,343,13140.503
200607,30_DPD,416,15678.1489
200607,60_DPD,60,2344.95
200607,90_PLUS,53,2022.8901999999998
200607,CURRENT,54213,2010904.5126999998
200607,DEFAULTED,4,162.24169999999998
200607,PAID_OFF,280,10531.556499999999
200608,30_DPD,454,17127.7408
200608,60_DPD,76,2933.8623000000002
200608,90_PLUS,56,2091.4855
200608,CENSORED_DEFECT,2,59.7148
200608,CURRENT,57112,2091061.3424
200608,DEFAULTED,4,166.0988
200608,PAID_OFF,356,13338.3408
200609,30_DPD,533,19803.392200000002
200609,60_DPD,90,3436.4321
200609,90_PLUS,71,2634.5066
200609,CENSORED_DEFECT,9,344.3151
200609,CURRENT,60017,2170337.7210999997
200609,DEFAULTED,5,204.8857
200609,PAID_OFF,340,12780.346399999999
200610,30_DPD,530,19761.069799999997
200610,60_DPD,76,2812.3459
200610,90_PLUS,86,3163.3554
200610,CENSORED_DEFECT,1,30.8208
200610,CURRENT,62567,2239977.424
200610,DEFAULTED,8,310.2436
200610,PAID_OFF,419,15204.1515
200611,30_DPD,641,23473.027
200611,60_DPD,95,3665.9381
200611,90_PLUS,89,3272.2981
200611,CURRENT,65323,2319818.8298
200611,DEFAULTED,10,373.9346
200611,PAID_OFF,445,15911.1906
200612,30_DPD,800,28695.8407
200612,60_DPD,97,3703.2916
200612,90_PLUS,105,3886.0342
200612,CENSORED_DEFECT,3,92.4624
200612,CURRENT,67748,2390417.5255
200612,DEFAULTED,12,437.62559999999996
200612,PAID_OFF,524,18281.2581
200701,30_DPD,638,22547.9616
200701,60_DPD,140,5314.3126
200701,90_PLUS,113,4141.1438
200701,CENSORED_DEFECT,3,99.4651
200701,CURRENT,71070,2489269.7429
200701,DEFAULTED,16,608.0576
200701,PAID_OFF,508,17542.411
200702,30_DPD,803,28139.0133
200702,60_DPD,111,4071.4219
200702,90_PLUS,134,4888.4961
200702,CURRENT,73235,2551984.5099
200702,DEFAULTED,18,653.6517
200702,PAID_OFF,466,16466.8165
200703,30_DPD,677,24065.4624
200703,60_DPD,100,3571.5286
200703,90_PLUS,127,4612.5211
200703,CENSORED_DEFECT,4,129.7438
200703,CURRENT,76368,2644961.8543
200703,DEFAULTED,20,728.2127
200703,PAID_OFF,595,20783.7674
200704,30_DPD,674,23568.1349
200704,60_DPD,132,4904.8525
200704,90_PLUS,131,4703.7357
200704,CENSORED_DEFECT,2,60.1361
200704,CURRENT,79259,2730210.0799
200704,DEFAULTED,24,911.7689
200704,PAID_OFF,641,22017.8262
200705,30_DPD,725,25170.8393
200705,60_DPD,129,4658.6266000000005
200705,90_PLUS,161,5855.3344
200705,CENSORED_DEFECT,1,28.3975
200705,CURRENT,81782,2817316.6736
200705,DEFAULTED,26,948.1816
200705,PAID_OFF,695,24390.6354
200706,30_DPD,907,31710.3677
200706,60_DPD,135,4818.5789
200706,90_PLUS,166,5961.564
200706,CURRENT,84127,2900033.8329
200706,DEFAULTED,34,1239.6467
200706,PAID_OFF,675,23480.3052
200707,30_DPD,877,30635.875500000002
200707,60_DPD,186,6714.8268
200707,90_PLUS,201,7077.3212
200707,CENSORED_DEFECT,3,89.497
200707,CURRENT,86359,2978407.3975
200707,DEFAULTED,43,1554.886
200707,PAID_OFF,566,19724.842699999997
200708,30_DPD,870,30163.185299999997
200708,60_DPD,179,6278.3396
200708,90_PLUS,234,8411.935
200708,CENSORED_DEFECT,1,28.3975
200708,CURRENT,89524,3069741.3244
200708,DEFAULTED,51,1838.6959
200708,PAID_OFF,579,19991.0085
200709,30_DPD,1251,43224.7684
200709,60_DPD,235,8113.6185000000005
200709,90_PLUS,281,10021.5515
200709,CENSORED_DEFECT,3,105.61449999999999
200709,CURRENT,91765,3128866.5239
200709,DEFAULTED,54,1911.2794
200709,PAID_OFF,458,16022.9549
200710,30_DPD,1192,40664.051400000004
200710,60_DPD,260,8962.6729
200710,90_PLUS,305,10733.6157
200710,CENSORED_DEFECT,1,37.6907
200710,CURRENT,94702,3211450.5851
200710,DEFAULTED,71,2450.68
200710,PAID_OFF,592,20115.6299
200711,30_DPD,1238,42232.7953
200711,60_DPD,280,9599.8833
200711,90_PLUS,354,12470.59
200711,CENSORED_DEFECT,3,93.66040000000001
200711,CURRENT,97697,3298142.0422
200711,DEFAULTED,79,2722.3952
200711,PAID_OFF,510,17112.581599999998
200712,30_DPD,1376,46591.2619
200712,60_DPD,320,10962.7718
200712,90_PLUS,421,14738.047199999999
200712,CENSORED_DEFECT,3,96.505
200712,CURRENT,99720,3355306.5831
200712,DEFAULTED,87,3003.2775
200712,PAID_OFF,690,22818.6769
200801,30_DPD,1292,43464.4326
200801,60_DPD,319,11001.2641
200801,90_PLUS,484,16677.0266
200801,CENSORED_DEFECT,3,92.5647
200801,CURRENT,102346,3431345.6633
200801,DEFAULTED,89,3094.0416
200801,PAID_OFF,875,28361.7531
200802,30_DPD,1291,43209.7865
200802,60_DPD,307,10551.1882
200802,90_PLUS,511,17599.0326
200802,CENSORED_DEFECT,2,58.0801
200802,CURRENT,101757,3410902.005
200802,DEFAULTED,98,3406.3776
200802,PAID_OFF,1497,48099.6944
200803,30_DPD,1233,41461.003600000004
200803,60_DPD,320,10758.9887
200803,90_PLUS,560,19282.7238
200803,CENSORED_DEFECT,2,58.7311
200803,CURRENT,100405,3367070.3264
200803,DEFAULTED,103,3572.0303999999996
200803,PAID_OFF,1469,47435.0678
200804,30_DPD,1308,43513.8156
200804,60_DPD,305,10349.8405
200804,90_PLUS,647,22081.3724
200804,CENSORED_DEFECT,3,89.9935
200804,CURRENT,99074,3324258.011
200804,DEFAULTED,113,3905.1634
200804,PAID_OFF,1220,39328.548
200805,30_DPD,1326,44334.9878
200805,60_DPD,329,10932.7902
200805,90_PLUS,693,23546.8722
200805,CENSORED_DEFECT,6,180.3543
200805,CURRENT,98581,3308804.8292
200805,DEFAULTED,125,4333.2015
200805,PAID_OFF,1011,33102.6057
200806,30_DPD,1476,49193.8915
200806,60_DPD,378,12520.375900000001
200806,90_PLUS,744,25189.6679
200806,CENSORED_DEFECT,5,178.4288
200806,CURRENT,97943,3287375.7749
200806,DEFAULTED,145,4973.4863
200806,PAID_OFF,798,26503.3958
200807,30_DPD,1414,47464.848
200807,60_DPD,433,14339.4459
200807,90_PLUS,789,26431.2769
200807,CENSORED_DEFECT,6,192.94709999999998
200807,CURRENT,97161,3260947.0358
200807,DEFAULTED,162,5580.0198
200807,PAID_OFF,736,24708.2341
200808,30_DPD,1770,59302.489799999996
200808,60_DPD,467,15662.6836
200808,90_PLUS,906,30224.9075
200808,CENSORED_DEFECT,2,59.9613
200808,CURRENT,96119,3226112.0597
200808,DEFAULTED,169,5751.4569
200808,PAID_OFF,534,17771.7319
200809,30_DPD,1870,62117.0259
200809,60_DPD,499,16399.3613
200809,90_PLUS,981,32782.07
200809,CENSORED_DEFECT,12,373.3178
200809,CURRENT,95367,3201829.9076
200809,DEFAULTED,191,6548.1129
200809,PAID_OFF,543,17982.7631
200810,30_DPD,1758,58849.6391
200810,60_DPD,583,19173.038099999998
200810,90_PLUS,1107,36805.9669
200810,CENSORED_DEFECT,9,279.6009
200810,CURRENT,94563,3175042.6866
200810,DEFAULTED,207,7011.7171
200810,PAID_OFF,705,23064.3074
200811,30_DPD,2223,74095.8347
200811,60_DPD,676,22524.8795
200811,90_PLUS,1282,42300.2627
200811,CENSORED_DEFECT,3,88.3588
200811,CURRENT,93375,3135835.1495000003
200811,DEFAULTED,213,7249.2307
200811,PAID_OFF,427,14103.213600000001
200812,30_DPD,2121,70441.9742
200812,60_DPD,718,23779.0531
200812,90_PLUS,1494,49350.768299999996
200812,CENSORED_DEFECT,6,184.7178
200812,CURRENT,92621,3111798.7772
200812,DEFAULTED,202,6881.2919
200812,PAID_OFF,667,21654.136
200901,30_DPD,2141,71230.2973
200901,60_DPD,751,24754.3298
200901,90_PLUS,1709,56384.7111
200901,CENSORED_DEFECT,7,221.508
200901,CURRENT,90832,3054224.5191
200901,DEFAULTED,198,6751.8129
200901,PAID_OFF,1541,49475.11
200902,30_DPD,2085,69585.3364
200902,60_DPD,742,24480.862399999998
200902,90_PLUS,1865,61434.0136
200902,CENSORED_DEFECT,29,958.6764000000001
200902,CURRENT,88582,2981099.5291
200902,DEFAULTED,242,8022.9877
200902,PAID_OFF,2086,67696.9081
200903,30_DPD,1784,59314.2052
200903,60_DPD,754,24830.7397
200903,90_PLUS,2017,66303.9434
200903,CENSORED_DEFECT,7,213.7122
200903,CURRENT,86510,2914635.9553
200903,DEFAULTED,240,8116.4404
200903,PAID_OFF,2172,70207.0271
200904,30_DPD,1866,61968.555
200904,60_DPD,774,25392.2456
200904,90_PLUS,2261,74314.1299
200904,CENSORED_DEFECT,1,30.2787
200904,CURRENT,84066,2835191.9161
200904,DEFAULTED,246,8178.5164
200904,PAID_OFF,2051,66633.3568
200905,30_DPD,2116,70049.8009
200905,60_DPD,764,25091.0505
200905,90_PLUS,2521,82492.3149
200905,CENSORED_DEFECT,5,147.1356
200905,CURRENT,81375,2747341.807
200905,DEFAULTED,269,9019.2855
200905,PAID_OFF,2133,69941.4674
200906,30_DPD,2093,69530.6306
200906,60_DPD,761,24910.2385
200906,90_PLUS,2712,88593.3352
200906,CENSORED_DEFECT,3,94.7707
200906,CURRENT,78983,2668559.4432
200906,DEFAULTED,311,10421.553100000001
200906,PAID_OFF,2142,70519.33350000001
200907,30_DPD,1958,64742.2475
200907,60_DPD,812,26814.7378
200907,90_PLUS,2932,95718.1664
200907,CENSORED_DEFECT,4,131.7268
200907,CURRENT,77187,2609695.6623
200907,DEFAULTED,327,10968.8101
200907,PAID_OFF,1576,51813.7034
200908,30_DPD,2619,86559.1446
200908,60_DPD,891,29376.9567
200908,90_PLUS,3186,103892.2729
200908,CENSORED_DEFECT,3,98.74459999999999
200908,CURRENT,75017,2538817.0554
200908,DEFAULTED,330,11027.2875
200908,PAID_OFF,1120,36538.5615
200909,30_DPD,2414,80220.9057
200909,60_DPD,1023,33604.294200000004
200909,90_PLUS,3414,111276.6078
200909,CENSORED_DEFECT,6,179.6086
200909,CURRENT,73823,2499328.4234
200909,DEFAULTED,361,11922.177
200909,PAID_OFF,957,31544.757100000003
200910,30_DPD,2290,76032.3796
200910,60_DPD,996,32841.9822
200910,90_PLUS,3662,119360.3847
200910,CENSORED_DEFECT,5,160.9506
200910,CURRENT,72556,2457750.8178
200910,DEFAULTED,396,12994.2602
200910,PAID_OFF,1061,34902.5066
200911,30_DPD,2408,79850.5853
200911,60_DPD,996,32933.2903
200911,90_PLUS,3914,127730.1962
200911,CENSORED_DEFECT,4,131.4892
200911,CURRENT,70984,2405381.6014
200911,DEFAULTED,400,13021.654
200911,PAID_OFF,1121,37556.8119
200912,30_DPD,2328,77537.3651
200912,60_DPD,1006,33218.2766
200912,90_PLUS,4068,133001.5389
200912,CENSORED_DEFECT,16,522.1742
200912,CURRENT,69515,2356365.82
200912,DEFAULTED,405,13130.3525
200912,PAID_OFF,1286,42669.528399999996
201001,30_DPD,2400,79999.1215
201001,60_DPD,1060,34974.173
201001,90_PLUS,4257,139291.8908
201001,CENSORED_DEFECT,7,202.8008
201001,CURRENT,68079,2308736.4425
201001,DEFAULTED,399,12820.1354
201001,PAID_OFF,1027,34160.904500000004
201002,30_DPD,2401,79592.2041
201002,60_DPD,974,32413.0591
201002,90_PLUS,4332,141785.8376
201002,CENSORED_DEFECT,9,272.26009999999997
201002,CURRENT,67189,2279640.6718
201002,DEFAULTED,451,14523.4935
201002,PAID_OFF,788,25896.7288
201003,30_DPD,1908,62884.049399999996
201003,60_DPD,841,27950.1924
201003,90_PLUS,4256,139501.4137
201003,CENSORED_DEFECT,12,391.7371
201003,CURRENT,66682,2263348.1817
201003,DEFAULTED,501,16093.6039
201003,PAID_OFF,1072,35363.2039
201004,30_DPD,1969,65140.260800000004
201004,60_DPD,758,24940.8174
201004,90_PLUS,4190,137484.6063
201004,CENSORED_DEFECT,11,358.24850000000004
201004,CURRENT,65706,2231089.1818
201004,DEFAULTED,516,16572.3721
201004,PAID_OFF,936,30892.7768
201005,30_DPD,2107,70111.8507
201005,60_DPD,810,26642.6263
201005,90_PLUS,4120,135261.0659
201005,CENSORED_DEFECT,7,222.4669
201005,CURRENT,64569,2193020.7089
201005,DEFAULTED,556,18019.84
201005,PAID_OFF,874,28900.0112
201006,30_DPD,2025,67062.6271
201006,60_DPD,821,27161.5392
201006,90_PLUS,4046,132787.2894
201006,CENSORED_DEFECT,12,363.2454
201006,CURRENT,63642,2162741.9741
201006,DEFAULTED,593,19151.0844
201006,PAID_OFF,1026,34531.6543
201007,30_DPD,2018,66947.7988
201007,60_DPD,793,26122.6898
201007,90_PLUS,3988,130832.6057
201007,CENSORED_DEFECT,8,261.2316
201007,CURRENT,62474,2123475.5159
201007,DEFAULTED,622,20175.7964
201007,PAID_OFF,1099,37044.2251
201008,30_DPD,2037,67475.3186
201008,60_DPD,802,26332.608500000002
201008,90_PLUS,3918,128540.6012
201008,CENSORED_DEFECT,5,161.0054
201008,CURRENT,61020,2074895.604
201008,DEFAULTED,673,21769.3507
201008,PAID_OFF,1321,44480.7161
201009,30_DPD,2101,69853.0472
201009,60_DPD,788,26000.9579
201009,90_PLUS,3830,125681.9272
201009,CENSORED_DEFECT,16,485.8672
201009,CURRENT,59374,2018799.3067
201009,DEFAULTED,740,23868.6611
201009,PAID_OFF,1488,50617.214
201010,30_DPD,2118,70282.3851
201010,60_DPD,817,27049.7824
201010,90_PLUS,3841,126030.0414
201010,CENSORED_DEFECT,23,696.3747000000001
201010,CURRENT,57696,1961862.718
201010,DEFAULTED,729,23593.6059
201010,PAID_OFF,1482,50581.2779
201011,30_DPD,2108,69608.6758
201011,60_DPD,784,25927.4636
201011,90_PLUS,3876,127197.15639999999
201011,CENSORED_DEFECT,18,536.4635000000001
201011,CURRENT,56111,1908512.0755
201011,DEFAULTED,708,22907.8547
201011,PAID_OFF,1489,50609.8386
201012,30_DPD,2015,66723.4393
201012,60_DPD,764,25227.693700000003
201012,90_PLUS,3845,126324.33410000001
201012,CENSORED_DEFECT,50,1500.0769
201012,CURRENT,54638,1857685.227
201012,DEFAULTED,711,23012.4489
201012,PAID_OFF,1452,50076.2383
201101,30_DPD,2017,66968.8415
201101,60_DPD,820,27105.507400000002
201101,90_PLUS,3858,126766.9712
201101,CENSORED_DEFECT,13,413.0885
201101,CURRENT,53257,1810914.1195
201101,DEFAULTED,683,22004.4229
201101,PAID_OFF,1193,40480.1856
201102,30_DPD,2055,68570.3322
201102,60_DPD,747,24764.3568
201102,90_PLUS,3872,127284.21710000001
201102,CENSORED_DEFECT,7,219.14
201102,CURRENT,52276,1777382.0273000002
201102,DEFAULTED,657,21246.0171
201102,PAID_OFF,909,30698.237399999998
201103,30_DPD,1664,55113.5029
201103,60_DPD,656,21952.103
201103,90_PLUS,3666,120560.2841
201103,CENSORED_DEFECT,12,379.314
201103,CURRENT,51952,1766550.7315
201103,DEFAULTED,698,22586.7571
201103,PAID_OFF,852,28654.457300000002
201104,30_DPD,1748,57866.673
201104,60_DPD,678,22557.6249
201104,90_PLUS,3628,119508.1052
201104,CENSORED_DEFECT,7,213.4631
201104,CURRENT,51025,1735619.0129
201104,DEFAULTED,622,20325.2199
201104,PAID_OFF,741,24796.9433
201105,30_DPD,1768,58293.2773
201105,60_DPD,636,21039.976599999998
201105,90_PLUS,3573,117551.51640000001
201105,CENSORED_DEFECT,5,147.2284
201105,CURRENT,50350,1713629.2768
201105,DEFAULTED,600,19570.6768
201105,PAID_OFF,630,21011.3261
201106,30_DPD,1828,60765.9858
201106,60_DPD,684,22598.9069
201106,90_PLUS,3503,115382.0759
201106,CENSORED_DEFECT,10,319.57910000000004
201106,CURRENT,49492,1684142.7108
201106,DEFAULTED,591,19264.1271
201106,PAID_OFF,698,23671.2326
201107,30_DPD,1918,63998.1834
201107,60_DPD,715,23582.4357
201107,90_PLUS,3503,115597.6234
201107,CENSORED_DEFECT,6,183.8261
201107,CURRENT,48606,1654000.0406
201107,DEFAULTED,604,19620.949
201107,PAID_OFF,630,21417.728
201108,30_DPD,1822,60438.505600000004
201108,60_DPD,664,21844.3387
201108,90_PLUS,3491,115277.32890000001
201108,CENSORED_DEFECT,6,182.6339
201108,CURRENT,47831,1627879.6875999998
201108,DEFAULTED,617,20190.6932
201108,PAID_OFF,791,26993.1391
201109,30_DPD,1766,58748.1536
201109,60_DPD,690,22562.4284
201109,90_PLUS,3501,115678.1098
201109,CENSORED_DEFECT,11,371.7437
201109,CURRENT,46950,1597635.8488
201109,DEFAULTED,604,19683.950100000002
201109,PAID_OFF,755,25931.5752
201110,30_DPD,1706,56798.1516
201110,60_DPD,654,21510.8814
201110,90_PLUS,3571,117787.86880000001
201110,CENSORED_DEFECT,2,61.0539
201110,CURRENT,45998,1564658.4537
201110,DEFAULTED,581,18935.317000000003
201110,PAID_OFF,878,30548.8552
201111,30_DPD,1838,61295.9743
201111,60_DPD,666,21880.2833
201111,90_PLUS,3563,117610.6848
201111,CENSORED_DEFECT,3,99.30900000000001
201111,CURRENT,44878,1525929.9297
201111,DEFAULTED,592,19345.456
201111,PAID_OFF,856,29868.1372
201112,30_DPD,1742,57964.5738
201112,60_DPD,683,22678.2992
201112,90_PLUS,3560,117434.9011
201112,CENSORED_DEFECT,8,235.0823
201112,CURRENT,43958,1494215.2349
201112,DEFAULTED,611,20146.4109
201112,PAID_OFF,863,29815.7603
201201,30_DPD,1647,54958.3773
201201,60_DPD,624,20400.0882
201201,90_PLUS,3577,118220.7521
201201,CENSORED_DEFECT,4,120.04339999999999
201201,CURRENT,43217,1468868.9062
201201,DEFAULTED,609,20134.4774
201201,PAID_OFF,753,25665.8265
201202,30_DPD,1572,52631.07
201202,60_DPD,603,19733.8391
201202,90_PLUS,3517,116209.1053
201202,CENSORED_DEFECT,4,123.8648
201202,CURRENT,42421,1441630.4161
201202,DEFAULTED,625,20638.2969
201202,PAID_OFF,823,28015.0796
201203,30_DPD,1403,46681.3006
201203,60_DPD,503,16613.743
201203,90_PLUS,3446,113988.2554
201203,CENSORED_DEFECT,3,92.4015
201203,CURRENT,41604,1414297.4455
201203,DEFAULTED,652,21397.588600000003
201203,PAID_OFF,1009,33968.8251
201204,30_DPD,1431,47781.8041
201204,60_DPD,485,15957.4235
201204,90_PLUS,3408,112642.9893
201204,CENSORED_DEFECT,7,229.52050000000003
201204,CURRENT,40478,1375856.4463
201204,DEFAULTED,632,20881.5269
201204,PAID_OFF,1018,34829.3106
201205,30_DPD,1406,47005.0014
201205,60_DPD,515,16813.3357
201205,90_PLUS,3351,110808.636
201205,CENSORED_DEFECT,4,130.72670000000002
201205,CURRENT,39177,1331928.1926
201205,DEFAULTED,611,20215.6354
201205,PAID_OFF,1222,41291.7198
201206,30_DPD,1504,50243.7289
201206,60_DPD,560,18556.4792
201206,90_PLUS,3239,106941.5881
201206,CENSORED_DEFECT,8,257.0328
201206,CURRENT,37960,1290741.2817
201206,DEFAULTED,605,19903.9869
201206,PAID_OFF,1047,35488.7152
201207,30_DPD,1486,49625.0351
201207,60_DPD,505,16734.921000000002
201207,90_PLUS,3178,104939.1402
201207,CENSORED_DEFECT,9,281.9746
201207,CURRENT,36901,1254756.4532
201207,DEFAULTED,588,19341.1015
201207,PAID_OFF,1061,36065.7799
201208,30_DPD,1402,46777.8114
201208,60_DPD,539,17904.4329
201208,90_PLUS,3092,101864.0029
201208,CENSORED_DEFECT,5,157.0084
201208,CURRENT,35841,1219074.0447
201208,DEFAULTED,579,19002.128099999998
201208,PAID_OFF,1069,36244.494
201209,30_DPD,1607,53670.2102
201209,60_DPD,567,18794.4422
201209,90_PLUS,3112,102500.8463
201209,CENSORED_DEFECT,4,119.9226
201209,CURRENT,34502,1173782.4583
201209,DEFAULTED,573,18895.4807
201209,PAID_OFF,961,32717.084000000003
201210,30_DPD,1373,45661.7793
201210,60_DPD,571,19004.4944
201210,90_PLUS,3006,99164.931
201210,CENSORED_DEFECT,4,127.3258
201210,CURRENT,33592,1142373.8712
201210,DEFAULTED,582,19134.18
201210,PAID_OFF,1106,37946.9567
201211,30_DPD,1360,45518.630000000005
201211,60_DPD,521,17386.4145
201211,90_PLUS,2955,97642.5683
201211,CENSORED_DEFECT,3,89.4514
201211,CURRENT,32639,1109392.1608
201211,DEFAULTED,583,19038.1279
201211,PAID_OFF,924,31663.66
201212,30_DPD,1413,47198.3407
201212,60_DPD,510,17174.1257
201212,90_PLUS,2962,98039.3106
201212,CENSORED_DEFECT,8,242.9067
201212,CURRENT,31521,1071377.8662
201212,DEFAULTED,556,18131.5672
201212,PAID_OFF,966,32815.270000000004
201301,30_DPD,1359,45285.776600000005
201301,60_DPD,498,16600.9138
201301,90_PLUS,2834,93647.6932
201301,CENSORED_DEFECT,4,117.5078
201301,CURRENT,30643,1041835.6216000001
201301,DEFAULTED,575,18855.8568
201301,PAID_OFF,938,31920.3506
201302,30_DPD,1407,46769.6688
201302,60_DPD,502,16726.0723
201302,90_PLUS,2743,90656.6383
201302,CENSORED_DEFECT,9,274.5246
201302,CURRENT,29676,1009391.8082000001
201302,DEFAULTED,565,18475.5591
201302,PAID_OFF,903,30421.1744
201303,30_DPD,1250,41603.819
201303,60_DPD,469,15413.6126
201303,90_PLUS,2658,88114.61779999999
201303,CENSORED_DEFECT,6,183.78050000000002
201303,CURRENT,28836,980566.8008
201303,DEFAULTED,546,17866.3568
201303,PAID_OFF,1028,34981.9926
201304,30_DPD,1154,38219.4545
201304,60_DPD,420,14122.3441
201304,90_PLUS,2547,84305.3006
201304,CENSORED_DEFECT,8,242.7947
201304,CURRENT,28006,952330.4997
201304,DEFAULTED,552,18237.575
201304,PAID_OFF,970,32841.1115
201305,30_DPD,1091,36272.3013
201305,60_DPD,420,13879.6296
201305,90_PLUS,2456,81427.3115
201305,CENSORED_DEFECT,8,272.2171
201305,CURRENT,27086,920757.6677
201305,DEFAULTED,541,17901.95
201305,PAID_OFF,962,32896.5103
201306,30_DPD,1270,42354.5886
201306,60_DPD,422,14048.223
201306,90_PLUS,2409,79778.5775
201306,CENSORED_DEFECT,10,313.4518
201306,CURRENT,26102,887509.098
201306,DEFAULTED,511,16880.4802
201306,PAID_OFF,755,25560.6149
201307,30_DPD,1210,40262.3313
201307,60_DPD,423,13916.1763
201307,90_PLUS,2313,76819.7139
201307,CENSORED_DEFECT,7,224.90890000000002
201307,CURRENT,25320,860967.0098
201307,DEFAULTED,514,16954.2668
201307,PAID_OFF,834,28352.4686
201308,30_DPD,1176,39188.967599999996
201308,60_DPD,433,14264.9723
201308,90_PLUS,2244,74534.4045
201308,CENSORED_DEFECT,6,185.1399
201308,CURRENT,24592,836479.95
201308,DEFAULTED,514,16899.6612
201308,PAID_OFF,735,24720.714500000002
201309,30_DPD,1158,38606.8773
201309,60_DPD,434,14355.4698
201309,90_PLUS,2178,72245.6765
201309,CENSORED_DEFECT,6,194.63020000000003
201309,CURRENT,24041,818013.918
201309,DEFAULTED,514,16846.2942
201309,PAID_OFF,554,18614.4853
201310,30_DPD,1169,39117.5901
201310,60_DPD,414,13647.0142
201310,90_PLUS,2108,69930.3607
201310,CENSORED_DEFECT,22,695.0738
201310,CURRENT,23419,797341.3479
201310,DEFAULTED,517,16981.0932
201310,PAID_OFF,595,19729.5516
201311,30_DPD,1213,40599.402
201311,60_DPD,437,14662.8678
201311,90_PLUS,2023,67019.2114
201311,CENSORED_DEFECT,1,30.2331
201311,CURRENT,22900,779955.1246
201311,DEFAULTED,512,16842.2667
201311,PAID_OFF,455,15027.6008
201312,30_DPD,1244,41510.9416
201312,60_DPD,465,15730.187399999999
201312,90_PLUS,1944,64492.847200000004
201312,CENSORED_DEFECT,20,658.8745
201312,CURRENT,22422,763588.5332
201312,DEFAULTED,504,16539.8938
201312,PAID_OFF,420,14314.8966
201401,30_DPD,1122,37213.7888
201401,60_DPD,426,14126.7212
201401,90_PLUS,1914,63711.2206
201401,CENSORED_DEFECT,11,372.8138
201401,CURRENT,22149,754797.8375
201401,DEFAULTED,500,16314.2471
201401,PAID_OFF,381,12812.527900000001
201402,30_DPD,1096,36541.3188
201402,60_DPD,374,12489.9243
201402,90_PLUS,1855,61720.529
201402,CENSORED_DEFECT,5,157.7881
201402,CURRENT,21935,747336.3774
201402,DEFAULTED,475,15619.2975
201402,PAID_OFF,291,9782.2788
201403,30_DPD,953,32079.8596
201403,60_DPD,362,11916.8889
201403,90_PLUS,1738,57891.6002
201403,CENSORED_DEFECT,5,169.0799
201403,CURRENT,21827,743363.7412
201403,DEFAULTED,459,15078.9352
201403,PAID_OFF,320,10871.776
201404,30_DPD,999,33312.7769
201404,60_DPD,366,12283.2985
201404,90_PLUS,1690,56111.111600000004
201404,CENSORED_DEFECT,3,91.9137
201404,CURRENT,21402,728978.0964
201404,DEFAULTED,429,14234.0887
201404,PAID_OFF,373,12780.8923
201405,30_DPD,1012,33924.6436
201405,60_DPD,391,12950.6119
201405,90_PLUS,1645,54718.3009
201405,CENSORED_DEFECT,1,35.4055
201405,CURRENT,21017,715809.8299
201405,DEFAULTED,404,13398.3076
201405,PAID_OFF,340,11510.8743
201406,30_DPD,993,33069.3988
201406,60_DPD,382,12894.0823
201406,90_PLUS,1628,54179.0014
201406,CENSORED_DEFECT,1,28.498
201406,CURRENT,20671,704300.5969
201406,DEFAULTED,373,12288.4653
201406,PAID_OFF,344,11463.3721
201407,30_DPD,976,32642.704700000002
201407,60_DPD,379,12589.3106
201407,90_PLUS,1589,52831.8409
201407,CENSORED_DEFECT,1,30.2331
201407,CURRENT,20343,693170.9953
201407,DEFAULTED,353,11637.1052
201407,PAID_OFF,344,11787.019
201408,30_DPD,1061,35539.114
201408,60_DPD,402,13371.4514
201408,90_PLUS,1529,50909.5633
201408,CENSORED_DEFECT,3,109.0149
201408,CURRENT,19900,678155.5291
201408,DEFAULTED,376,12291.777900000001
201408,PAID_OFF,308,10475.6612
201409,30_DPD,1037,34798.6077
201409,60_DPD,367,12158.7353
201409,90_PLUS,1523,50709.6373
201409,CENSORED_DEFECT,2,79.3323
201409,CURRENT,19531,665672.6118000001
201409,DEFAULTED,339,11148.982100000001
201409,PAID_OFF,371,12554.5014
201410,30_DPD,959,32023.958300000002
201410,60_DPD,360,11998.1698
201410,90_PLUS,1483,49211.5178
201410,CURRENT,19284,657461.176
201410,DEFAULTED,317,10491.2161
201410,PAID_OFF,320,10834.1822
201411,30_DPD,1115,37209.7364
201411,60_DPD,404,13412.5054
201411,90_PLUS,1467,48669.99
201411,CENSORED_DEFECT,1,50.8343
201411,CURRENT,18792,640853.6765
201411,DEFAULTED,288,9490.6782
201411,PAID_OFF,259,8912.6574
201412,30_DPD,920,30688.6616
201412,60_DPD,416,13721.3724
201412,90_PLUS,1436,47600.9805
201412,CENSORED_DEFECT,2,80.51689999999999
201412,CURRENT,18668,636698.8864
201412,DEFAULTED,276,8987.3352
201412,PAID_OFF,297,10109.5644
201501,30_DPD,958,31905.5983
201501,60_DPD,380,12668.2232
201501,90_PLUS,1423,47062.820100000004
201501,CURRENT,18383,627088.8682
201501,DEFAULTED,278,9113.7343
201501,PAID_OFF,248,8376.9571
201502,30_DPD,900,30117.9842
201502,60_DPD,347,11502.73
201502,90_PLUS,1367,45059.5968
201502,CENSORED_DEFECT,1,30.8208
201502,CURRENT,18226,621706.0674
201502,DEFAULTED,277,9108.928100000001
201502,PAID_OFF,258,8800.972600000001
201503,30_DPD,804,27041.7995
201503,60_DPD,292,9512.1067
201503,90_PLUS,1254,41388.1715
201503,CENSORED_DEFECT,2,63.690999999999995
201503,CURRENT,18068,616120.5997
201503,DEFAULTED,303,9918.799500000001
201503,PAID_OFF,344,11739.0006
201504,30_DPD,815,27133.2602
201504,60_DPD,293,9572.4878
201504,90_PLUS,1191,39414.4534
201504,CURRENT,17805,607135.9259
201504,DEFAULTED,259,8499.5575
201504,PAID_OFF,276,9505.720800000001
201505,30_DPD,890,29971.4348
201505,60_DPD,298,9744.6983
201505,90_PLUS,1124,37165.0098
201505,CENSORED_DEFECT,2,58.0801
201505,CURRENT,17422,593694.8402
201505,DEFAULTED,281,9231.6272
201505,PAID_OFF,300,10418.8161
201506,30_DPD,871,29286.0053
201506,60_DPD,309,10236.5133
201506,90_PLUS,1074,35520.2015
201506,CENSORED_DEFECT,1,29.8574
201506,CURRENT,17102,582377.4827
201506,DEFAULTED,244,7972.5819
201506,PAID_OFF,331,11665.584499999999
201507,30_DPD,863,29059.9842
201507,60_DPD,302,9992.545699999999
201507,90_PLUS,1045,34545.3898
201507,CENSORED_DEFECT,2,77.5738
201507,CURRENT,16808,572204.7669
201507,DEFAULTED,222,7204.4352
201507,PAID_OFF,298,10324.0535
201508,30_DPD,851,28788.9725
201508,60_DPD,314,10397.99
201508,90_PLUS,1045,34612.2119
201508,CURRENT,16517,562009.7811
201508,DEFAULTED,206,6709.4282
201508,PAID_OFF,262,9000.8162
201509,30_DPD,880,29523.7848
201509,60_DPD,318,10586.9091
201509,90_PLUS,1004,33213.7776
201509,CENSORED_DEFECT,4,125.7287
201509,CURRENT,16198,551497.5127000001
201509,DEFAULTED,222,7238.0199
201509,PAID_OFF,266,9003.1438
201510,30_DPD,852,28751.8025
201510,60_DPD,293,9681.026
201510,90_PLUS,961,31948.6337
201510,CENSORED_DEFECT,1,30.8208
201510,CURRENT,15963,543318.4985
201510,DEFAULTED,224,7318.5182
201510,PAID_OFF,265,8970.2648
201511,30_DPD,873,29324.1419
201511,60_DPD,280,9336.6901
201511,90_PLUS,952,31566.1745
201511,CENSORED_DEFECT,3,88.1123
201511,CURRENT,15741,535925.5138000001
201511,DEFAULTED,182,5951.4006
201511,PAID_OFF,193,6549.3117
201512,30_DPD,792,26535.2815
201512,60_DPD,297,9746.731
201512,90_PLUS,921,30630.7393
201512,CENSORED_DEFECT,2,66.22630000000001
201512,CURRENT,15535,529188.3919
201512,DEFAULTED,171,5578.3179
201512,PAID_OFF,279,9340.3528
201601,30_DPD,906,30680.7345
201601,60_DPD,285,9549.4965
201601,90_PLUS,917,30470.1459
201601,CURRENT,15227,518262.2273
201601,DEFAULTED,169,5607.0434000000005
201601,PAID_OFF,174,5875.8892
201602,30_DPD,736,24943.7244
201602,60_DPD,263,8731.3732
201602,90_PLUS,865,28798.5011
201602,CURRENT,15182,516685.598
201602,DEFAULTED,171,5633.7237000000005
201602,PAID_OFF,243,8248.1142
201603,30_DPD,715,23959.4951
201603,60_DPD,223,7442.19
201603,90_PLUS,812,27003.572399999997
201603,CURRENT,15035,511836.77760000003
201603,DEFAULTED,135,4484.6743
201603,PAID_OFF,237,8106.4877
201604,30_DPD,728,24542.034
201604,60_DPD,248,8195.3929
201604,90_PLUS,796,26476.3662
201604,CURRENT,14791,503541.0651
201604,DEFAULTED,137,4496.2523
201604,PAID_OFF,191,6485.1048
201605,30_DPD,705,23916.2619
201605,60_DPD,248,8321.8474
201605,90_PLUS,751,25061.1557
201605,CURRENT,14581,496160.4944
201605,DEFAULTED,147,4780.9119
201605,PAID_OFF,229,7739.616599999999
201606,30_DPD,727,24712.5133
201606,60_DPD,248,8293.7011
201606,90_PLUS,733,24481.7029
201606,CURRENT,14323,487474.4829
201606,DEFAULTED,118,3882.7117
201606,PAID_OFF,229,7701.2527
201607,30_DPD,769,25878.0478
201607,60_DPD,278,9289.6057
201607,90_PLUS,694,23269.2025
201607,CURRENT,14075,479361.605
201607,DEFAULTED,117,3845.2438
201607,PAID_OFF,197,6581.5965
201608,30_DPD,703,23817.940300000002
201608,60_DPD,273,9162.5678
201608,90_PLUS,651,21862.8515
201608,CENSORED_DEFECT,1,28.3975
201608,CURRENT,13908,473335.6224
201608,DEFAULTED,143,4686.6715
201608,PAID_OFF,237,8202.6841
201609,30_DPD,750,25324.797599999998
201609,60_DPD,245,8245.8552
201609,90_PLUS,670,22396.2712
201609,CURRENT,13662,465209.993
201609,DEFAULTED,112,3679.6555
201609,PAID_OFF,188,6322.9491
201610,30_DPD,723,24458.302
201610,60_DPD,244,8182.9654
201610,90_PLUS,658,21867.4181
201610,CURRENT,13477,458915.2302
201610,DEFAULTED,103,3408.9401
201610,PAID_OFF,215,7388.4292
201611,30_DPD,760,25650.1936
201611,60_DPD,230,7820.1659
201611,90_PLUS,677,22618.3772
201611,CURRENT,13216,449855.82420000003
201611,DEFAULTED,100,3270.187
201611,PAID_OFF,206,7085.8646
201612,30_DPD,768,26009.2125
201612,60_DPD,236,7815.3193
201612,90_PLUS,644,21415.106200000002
201612,CENSORED_RPL,72,2393.9521
201612,CURRENT,12927,440185.6956
201612,DEFAULTED,133,4479.4169
201612,PAID_OFF,190,6503.0915
201701,30_DPD,705,23670.4748
201701,60_DPD,239,8082.2318000000005
201701,90_PLUS,632,21089.3485
201701,CURRENT,12789,435480.3698
201701,DEFAULTED,103,3368.3574
201701,PAID_OFF,195,6628.5280999999995
201702,30_DPD,735,24656.8784
201702,60_DPD,246,8347.5179
201702,90_PLUS,616,20525.9358
201702,CENSORED_DEFECT,1,38.7869
201702,CURRENT,12581,428669.9389
201702,DEFAULTED,99,3251.5058
201702,PAID_OFF,175,5716.4089
201703,30_DPD,577,19446.8554
201703,60_DPD,209,6924.0518
201703,90_PLUS,574,19233.2232
201703,CURRENT,12608,429470.35589999997
201703,DEFAULTED,103,3355.9099
201703,PAID_OFF,191,6522.3412
201704,30_DPD,720,24241.0281
201704,60_DPD,208,6965.8672
201704,90_PLUS,589,19828.6553
201704,CURRENT,12265,417816.1769
201704,DEFAULTED,87,2826.3911
201704,PAID_OFF,179,6008.3553
201705,30_DPD,621,21102.7382
201705,60_DPD,227,7628.2924
201705,90_PLUS,546,18326.1483
201705,CENSORED_RPL,21,677.2465
201705,CURRENT,12150,413600.5413
201705,DEFAULTED,103,3380.5887000000002
201705,PAID_OFF,185,6465.845600000001
201706,30_DPD,655,21985.6532
201706,60_DPD,201,6877.4824
201706,90_PLUS,541,18186.909200000002
201706,CURRENT,11957,407028.3203
201706,DEFAULTED,84,2747.2378
201706,PAID_OFF,176,6139.2169
201707,30_DPD,642,21537.845
201707,60_DPD,239,8120.6134
201707,90_PLUS,536,18036.376800000002
201707,CENSORED_RPL,8,267.9828
201707,CURRENT,11775,400703.6809
201707,DEFAULTED,73,2399.1862
201707,PAID_OFF,165,5767.3497
201708,30_DPD,631,21152.7009
201708,60_DPD,247,8322.1145
201708,90_PLUS,545,18464.2239
201708,CENSORED_RPL,84,2603.577
201708,CURRENT,11509,391977.30929999996
201708,DEFAULTED,82,2627.4548
201708,PAID_OFF,158,5332.5315
201709,30_DPD,671,22373.5698
201709,60_DPD,231,7729.4597
201709,90_PLUS,562,19130.1547
201709,CURRENT,11316,385514.3309
201709,DEFAULTED,69,2241.398
201709,PAID_OFF,144,4902.700000000001
201710,30_DPD,735,24452.284200000002
201710,60_DPD,252,8492.9702
201710,90_PLUS,558,18882.871
201710,CENSORED_RPL,76,2458.5356
201710,CURRENT,11000,374812.06549999997
201710,DEFAULTED,65,2098.8702
201710,PAID_OFF,154,5474.7498
201711,30_DPD,671,22757.5962
201711,60_DPD,288,9589.104000000001
201711,90_PLUS,572,19464.988
201711,CENSORED_RPL,32,1059.7404
201711,CURRENT,10812,367813.2926
201711,DEFAULTED,69,2220.5634
201711,PAID_OFF,159,5579.7185
201712,30_DPD,695,23297.6672
201712,60_DPD,256,8687.3999
201712,90_PLUS,614,20951.5915
201712,CENSORED_RPL,93,2955.945
201712,CURRENT,10533,358561.1627
201712,DEFAULTED,69,2231.022
201712,PAID_OFF,138,4698.8833
201801,30_DPD,649,21881.5302
201801,60_DPD,226,7531.5428
201801,90_PLUS,594,20347.9378
201801,CURRENT,10491,356924.8124
201801,DEFAULTED,67,2176.107
201801,PAID_OFF,126,4413.455
201802,30_DPD,634,21104.8955
201802,60_DPD,238,8078.5637
201802,90_PLUS,569,19337.3793
201802,CURRENT,10400,353955.9051
201802,DEFAULTED,59,1951.4637
201802,PAID_OFF,108,3826.7535
201803,30_DPD,559,18580.9147
201803,60_DPD,174,5778.8104
201803,90_PLUS,543,18490.6604
201803,CENSORED_RPL,103,3408.6411
201803,CURRENT,10321,351289.4952
201803,DEFAULTED,55,1799.5109
201803,PAID_OFF,137,4782.7553
201804,30_DPD,554,18564.9696
201804,60_DPD,180,6073.4954
201804,90_PLUS,505,17119.1459
201804,CURRENT,10228,347921.4474
201804,DEFAULTED,55,1790.4662
201804,PAID_OFF,120,4136.7053
201805,30_DPD,538,17964.179
201805,60_DPD,180,6036.0912
201805,90_PLUS,463,15654.9086
201805,CURRENT,10121,344370.3483
201805,DEFAULTED,77,2610.6932
201805,PAID_OFF,138,4705.3594
201806,30_DPD,569,18840.752
201806,60_DPD,178,6033.3406
201806,90_PLUS,435,14687.9556
201806,CENSORED_RPL,78,2612.4171
201806,CURRENT,9903,337014.7505
201806,DEFAULTED,56,1839.4392
201806,PAID_OFF,134,4691.3425
201807,30_DPD,569,18926.3169
201807,60_DPD,168,5734.2664
201807,90_PLUS,420,14245.286399999999
201807,CURRENT,9806,333541.09380000003
201807,DEFAULTED,49,1613.3843
201807,PAID_OFF,117,3962.4904
201808,30_DPD,498,16693.9838
201808,60_DPD,167,5607.6853
201808,90_PLUS,399,13647.240600000001
201808,CENSORED_DEFECT,1,33.8336
201808,CENSORED_RPL,111,3654.5915
201808,CURRENT,9642,327864.8924
201808,DEFAULTED,53,1750.6308
201808,PAID_OFF,135,4620.5324
201809,30_DPD,605,20151.9375
201809,60_DPD,189,6280.6924
201809,90_PLUS,395,13504.0532
201809,CURRENT,9411,320140.1779
201809,DEFAULTED,55,1881.6012
201809,PAID_OFF,94,3302.4693
201810,30_DPD,561,18615.1241
201810,60_DPD,176,5848.0641
201810,90_PLUS,382,13015.5875
201810,CENSORED_DEFECT,1,38.7869
201810,CURRENT,9371,318736.6806
201810,DEFAULTED,56,1954.5883000000001
201810,PAID_OFF,101,3514.7955
201811,30_DPD,532,17616.387300000002
201811,60_DPD,171,5617.2056
201811,90_PLUS,389,13194.1449
201811,CENSORED_RPL,179,5941.8852
201811,CURRENT,9105,309924.1118
201811,DEFAULTED,57,2000.9895
201811,PAID_OFF,104,3568.3114
201812,30_DPD,540,18017.858500000002
201812,60_DPD,166,5547.1549
201812,90_PLUS,372,12589.5545
201812,CURRENT,9007,306334.7571
201812,DEFAULTED,69,2427.3
201812,PAID_OFF,90,3100.3923999999997
201901,30_DPD,537,17861.557099999998
201901,60_DPD,163,5373.2715
201901,90_PLUS,371,12586.2712
201901,CURRENT,8926,303707.7798
201901,DEFAULTED,51,1791.0696
201901,PAID_OFF,82,2775.2248
201902,30_DPD,555,18355.4818
201902,60_DPD,177,5943.8927
201902,90_PLUS,350,11815.3691
201902,CURRENT,8833,300611.7348
201902,DEFAULTED,50,1808.9737
201902,PAID_OFF,75,2537.038
201903,30_DPD,498,16572.7198
201903,60_DPD,159,5325.4718
201903,90_PLUS,342,11548.62
201903,CENSORED_DEFECT,1,30.2787
201903,CENSORED_RPL,111,3639.1585999999998
201903,CURRENT,8702,296187.9185
201903,DEFAULTED,48,1709.6543
201903,PAID_OFF,95,3200.2145
201904,30_DPD,466,15512.1204
201904,60_DPD,145,4931.3121
201904,90_PLUS,342,11528.5243
201904,CURRENT,8632,293609.2268
201904,DEFAULTED,48,1725.6252
201904,PAID_OFF,111,3878.739
201905,30_DPD,482,15981.5034
201905,60_DPD,144,4948.0931
201905,90_PLUS,344,11613.1692
201905,CENSORED_RPL,180,5953.2069
201905,CURRENT,8305,282684.1346
201905,DEFAULTED,45,1582.8942
201905,PAID_OFF,124,4222.0731
201906,30_DPD,496,16755.843399999998
201906,60_DPD,149,4913.3131
201906,90_PLUS,317,10709.5993
201906,CURRENT,8219,279571.8598
201906,DEFAULTED,42,1438.9958000000001
201906,PAID_OFF,88,3086.1703
201907,30_DPD,517,17394.461
201907,60_DPD,141,4789.9423
201907,90_PLUS,292,9742.7719
201907,CURRENT,8103,275673.57
201907,DEFAULTED,55,1860.3509
201907,PAID_OFF,106,3620.2622
201908,30_DPD,414,14074.4173
201908,60_DPD,140,4755.4806
201908,90_PLUS,295,9860.6288
201908,CENSORED_RPL,104,3434.7507
201908,CURRENT,7986,271474.9321
201908,DEFAULTED,33,1095.3088
201908,PAID_OFF,109,3842.9768
201909,30_DPD,402,13569.4912
201909,60_DPD,134,4487.4838
201909,90_PLUS,290,9656.3821
201909,CENSORED_RPL,56,1855.0941
201909,CURRENT,7855,267240.289
201909,DEFAULTED,31,1039.7397
201909,PAID_OFF,95,3261.5983
201910,30_DPD,377,12741.9466
201910,60_DPD,133,4514.2342
201910,90_PLUS,290,9598.163
201910,CURRENT,7770,264404.6041
201910,DEFAULTED,26,865.014
201910,PAID_OFF,109,3613.0431
201911,30_DPD,373,12629.4809
201911,60_DPD,123,4135.7223
201911,90_PLUS,295,9756.5613
201911,CENSORED_RPL,161,5325.8977
201911,CURRENT,7518,255884.8764
201911,DEFAULTED,28,938.7564
201911,PAID_OFF,94,3333.5245
201912,30_DPD,358,12055.4734
201912,60_DPD,123,4245.5625
201912,90_PLUS,288,9493.5706
201912,CURRENT,7424,252496.4061
201912,DEFAULTED,32,1080.111
201912,PAID_OFF,107,3816.1983
202001,30_DPD,351,11851.587
202001,60_DPD,109,3646.0711
202001,90_PLUS,257,8553.133899999999
202001,CURRENT,7341,249593.62529999999
202001,DEFAULTED,50,1679.676
202001,PAID_OFF,113,3924.5510999999997
202002,30_DPD,349,11885.7913
202002,60_DPD,120,3994.0567
202002,90_PLUS,249,8281.699
202002,CURRENT,7226,245624.59649999999
202002,DEFAULTED,34,1112.4755
202002,PAID_OFF,109,3706.5333
202003,30_DPD,338,11323.4919
202003,60_DPD,115,3880.894
202003,90_PLUS,256,8577.5379
202003,CENSORED_RPL,90,2895.7757
202003,CURRENT,7028,239076.3052
202003,DEFAULTED,31,987.9266
202003,PAID_OFF,112,3884.5607999999997
202004,30_DPD,491,16568.2132
202004,60_DPD,147,4994.3294000000005
202004,90_PLUS,272,9137.7295
202004,CENSORED_DEFECT,1,28.3975
202004,CURRENT,6704,227892.80930000002
202004,DEFAULTED,26,836.8792
202004,PAID_OFF,121,4185.9158
202005,30_DPD,358,11890.6492
202005,60_DPD,296,9983.3418
202005,90_PLUS,318,10680.791000000001
202005,CENSORED_DEFECT,1,28.3975
202005,CURRENT,6525,221742.8706
202005,DEFAULTED,21,666.3148
202005,PAID_OFF,116,4267.031300000001
202006,30_DPD,270,9051.3236
202006,60_DPD,195,6564.4118
202006,90_PLUS,478,16070.7857
202006,CURRENT,6437,218493.6821
202006,DEFAULTED,19,593.7687
202006,PAID_OFF,116,4088.9514
202007,30_DPD,230,7734.3223
202007,60_DPD,112,3714.2814
202007,90_PLUS,516,17351.8673
202007,CENSORED_RPL,120,4006.8683
202007,CURRENT,6262,212314.143
202007,DEFAULTED,19,570.3685
202007,PAID_OFF,138,5000.466
202008,30_DPD,258,8711.4539
202008,60_DPD,91,2998.5298000000003
202008,90_PLUS,524,17593.6307
202008,CURRENT,6132,207588.5183
202008,DEFAULTED,19,591.5201999999999
202008,PAID_OFF,114,4171.4722
202009,30_DPD,198,6600.3514000000005
202009,60_DPD,94,3119.4790000000003
202009,90_PLUS,504,16919.3566
202009,CENSORED_RPL,77,2435.9184
202009,CURRENT,6003,203138.99420000002
202009,DEFAULTED,16,505.8506
202009,PAID_OFF,127,4616.9336
202010,30_DPD,176,5842.586
202010,60_DPD,81,2648.9875
202010,90_PLUS,494,16536.0772
202010,CURRENT,5926,200546.5867
202010,DEFAULTED,17,532.1062
202010,PAID_OFF,118,4078.7652
202011,30_DPD,202,6768.8633
202011,60_DPD,61,2045.5565
202011,90_PLUS,481,16052.4059
202011,CENSORED_RPL,109,3740.8951
202011,CURRENT,5697,192606.79
202011,DEFAULTED,13,411.0117
202011,PAID_OFF,125,4298.6727
202012,30_DPD,180,6071.0745
202012,60_DPD,68,2200.3838
202012,90_PLUS,454,15189.9342
202012,CURRENT,5587,188844.7808
202012,DEFAULTED,26,879.8224
202012,PAID_OFF,137,4632.4054
202101,30_DPD,189,6368.1704
202101,60_DPD,61,1994.373
202101,90_PLUS,443,14764.413700000001
202101,CURRENT,5504,186089.1465
202101,DEFAULTED,12,386.5796
202101,PAID_OFF,90,3028.9702
202102,30_DPD,196,6561.1069
202102,60_DPD,71,2388.7557
202102,90_PLUS,450,14964.3205
202102,CURRENT,5389,182410.6665
202102,DEFAULTED,11,364.355
202102,PAID_OFF,89,2825.6154
202103,30_DPD,137,4711.1919
202103,60_DPD,49,1603.9781
202103,90_PLUS,435,14441.3356
202103,CURRENT,5362,181501.0028
202103,DEFAULTED,9,303.3011
202103,PAID_OFF,122,4031.9357
202104,30_DPD,150,5085.4855
202104,60_DPD,46,1539.6762
202104,90_PLUS,414,13785.4403
202104,CENSORED_RPL,68,2288.1995
202104,CURRENT,5173,175156.6515
202104,DEFAULTED,8,265.6104
202104,PAID_OFF,132,4402.0554
202105,30_DPD,183,6107.3019
202105,60_DPD,54,1820.6987
202105,90_PLUS,398,13237.817000000001
202105,CENSORED_RPL,32,1072.3202
202105,CURRENT,5014,169846.3768
202105,DEFAULTED,8,273.0224
202105,PAID_OFF,101,3445.0482
202106,30_DPD,155,5213.9665
202106,60_DPD,52,1735.1214
202106,90_PLUS,370,12226.0127
202106,CENSORED_RPL,48,1611.3012
202106,CURRENT,4919,166705.3608
202106,DEFAULTED,10,346.1186
202106,PAID_OFF,103,3447.3356
202107,30_DPD,121,4167.7624000000005
202107,60_DPD,48,1675.5719
202107,90_PLUS,346,11322.8359
202107,CENSORED_RPL,37,1194.2423000000001
202107,CURRENT,4831,163748.86200000002
202107,DEFAULTED,10,323.8199
202107,PAID_OFF,110,3669.5551
202108,30_DPD,142,4697.2727
202108,60_DPD,48,1598.2242
202108,90_PLUS,331,10899.8554
202108,CURRENT,4727,160470.6636
202108,DEFAULTED,9,308.4279
202108,PAID_OFF,97,3198.1820000000002
202109,30_DPD,132,4490.0553
202109,60_DPD,56,1885.1870000000001
202109,90_PLUS,309,10255.9882
202109,CURRENT,4666,158184.7767
202109,DEFAULTED,11,345.3099
202109,PAID_OFF,82,2762.2924000000003
202110,30_DPD,139,4685.2956
202110,60_DPD,48,1672.0656
202110,90_PLUS,298,9795.1868
202110,CENSORED_RPL,17,592.9176
202110,CURRENT,4572,155088.7165
202110,DEFAULTED,8,257.59360000000004
202110,PAID_OFF,89,2981.8251
202111,30_DPD,156,5124.5272
202111,60_DPD,36,1193.2006
202111,90_PLUS,280,9238.4135
202111,CURRENT,4491,152628.0828
202111,DEFAULTED,10,331.2859
202111,PAID_OFF,91,2953.6655
202112,30_DPD,126,4285.285
202112,60_DPD,46,1490.6999
202112,90_PLUS,232,7615.5704000000005
202112,CURRENT,4427,150418.792
202112,DEFAULTED,46,1527.856
202112,PAID_OFF,94,3111.6681000000003
202201,30_DPD,145,4898.0921
202201,60_DPD,46,1530.1664
202201,90_PLUS,227,7511.661
202201,CURRENT,4338,147358.3123
202201,DEFAULTED,9,288.514
202201,PAID_OFF,73,2451.5581
202202,30_DPD,131,4544.38
202202,60_DPD,62,2044.496
202202,90_PLUS,216,7138.082600000001
202202,CURRENT,4264,144708.6051
202202,DEFAULTED,9,304.43420000000003
202202,PAID_OFF,81,2786.1905
202203,30_DPD,126,4217.6885
202203,60_DPD,39,1302.3999000000001
202203,90_PLUS,209,6897.5284
202203,CURRENT,4199,142633.9092
202203,DEFAULTED,8,266.7435
202203,PAID_OFF,100,3384.0377
202204,30_DPD,147,4912.8347
202204,60_DPD,41,1365.4753
202204,90_PLUS,199,6586.51
202204,CENSORED_RPL,33,1098.9786000000001
202204,CURRENT,4075,138418.69819999998
202204,DEFAULTED,10,327.843
202204,PAID_OFF,76,2607.9297
202205,30_DPD,124,4132.7413
202205,60_DPD,40,1312.0921
202205,90_PLUS,183,6068.6714
202205,CENSORED_RPL,18,669.1047
202205,CURRENT,4017,136332.657
202205,DEFAULTED,8,266.7435
202205,PAID_OFF,78,2702.9888
202206,30_DPD,132,4394.2691
202206,60_DPD,38,1256.0241
202206,90_PLUS,168,5557.6773
202206,CURRENT,3955,134261.1031
202206,DEFAULTED,11,377.0547
202206,PAID_OFF,68,2266.777
202207,30_DPD,129,4365.8425
202207,60_DPD,41,1335.6617
202207,90_PLUS,162,5341.1856
202207,CURRENT,3917,132910.2938
202207,DEFAULTED,12,405.5527
202207,PAID_OFF,42,1448.8051
202208,30_DPD,123,4110.4659
202208,60_DPD,43,1432.2965
202208,90_PLUS,152,5000.853
202208,CURRENT,3881,131716.7324
202208,DEFAULTED,13,447.8657
202208,PAID_OFF,48,1621.8248
202209,30_DPD,123,4143.9798
202209,60_DPD,41,1330.0054
202209,90_PLUS,155,5111.4191
202209,CENSORED_RPL,16,575.1254
202209,CURRENT,3822,129726.9305
202209,DEFAULTED,12,417.587
202209,PAID_OFF,42,1372.8876
202210,30_DPD,119,4094.7684
202210,60_DPD,36,1186.1732
202210,90_PLUS,140,4654.3207
202210,CENSORED_RPL,7,224.4327
202210,CURRENT,3791,128579.2089
202210,DEFAULTED,14,477.92400000000004
202210,PAID_OFF,45,1483.2365
202211,30_DPD,132,4463.9529999999995
202211,60_DPD,34,1175.449
202211,90_PLUS,141,4641.3231
202211,CURRENT,3745,127092.6804
202211,DEFAULTED,15,511.1151
202211,PAID_OFF,31,1047.9133
202212,30_DPD,130,4352.1409
202212,60_DPD,44,1492.9318
202212,90_PLUS,136,4521.2708999999995
202212,CURRENT,3708,125869.638
202212,DEFAULTED,15,510.5274
202212,PAID_OFF,33,1107.1908
202301,30_DPD,124,4191.0643
202301,60_DPD,34,1105.723
202301,90_PLUS,128,4244.8574
202301,CURRENT,3707,125862.0882
202301,DEFAULTED,17,569.2036
202301,PAID_OFF,23,773.5725
202302,30_DPD,145,4838.9943
202302,60_DPD,38,1268.9403
202302,90_PLUS,126,4178.2459
202302,CURRENT,3657,124203.9364
202302,DEFAULTED,17,576.2116
202302,PAID_OFF,26,878.2105
202303,30_DPD,122,4074.9646000000002
202303,60_DPD,40,1385.1308
202303,90_PLUS,120,3952.3251
202303,CURRENT,3648,123853.5457
202303,DEFAULTED,17,573.8701
202303,PAID_OFF,34,1155.6812
202304,30_DPD,131,4378.1122000000005
202304,60_DPD,45,1550.6915999999999
202304,90_PLUS,118,3905.2956
202304,CURRENT,3611,122551.9077
202304,DEFAULTED,16,545.4177
202304,PAID_OFF,24,849.6804
202305,30_DPD,128,4299.752
202305,60_DPD,25,849.7266
202305,90_PLUS,113,3752.4838
202305,CURRENT,3611,122475.1007
202305,DEFAULTED,16,545.4177
202305,PAID_OFF,27,978.6653
202306,30_DPD,138,4623.6146
202306,60_DPD,28,936.3866
202306,90_PLUS,108,3573.3356000000003
202306,CURRENT,3573,121229.145
202306,DEFAULTED,16,535.0283000000001
202306,PAID_OFF,29,986.1838
202307,30_DPD,129,4284.0818
202307,60_DPD,36,1209.2864
202307,90_PLUS,112,3679.1506
202307,CURRENT,3543,120268.5229
202307,DEFAULTED,15,496.2414
202307,PAID_OFF,27,921.4401
202308,30_DPD,119,3993.1568
202308,60_DPD,32,1046.3648
202308,90_PLUS,105,3432.6678
202308,CENSORED_RPL,16,493.015
202308,CURRENT,3523,119599.3218
202308,DEFAULTED,14,460.83590000000004
202308,PAID_OFF,25,876.5155
202309,30_DPD,148,4913.7112
202309,60_DPD,39,1292.3843
202309,90_PLUS,101,3311.5534000000002
202309,CURRENT,3467,117731.6907
202309,DEFAULTED,13,430.3837
202309,PAID_OFF,24,811.8827
202310,30_DPD,128,4290.3152
202310,60_DPD,49,1612.9615000000001
202310,90_PLUS,82,2727.1192
202310,CENSORED_RPL,16,497.0032
202310,CURRENT,3449,117076.07400000001
202310,DEFAULTED,11,362.4143
202310,PAID_OFF,31,1045.8665
202311,30_DPD,144,4747.2171
202311,60_DPD,40,1303.4718
202311,90_PLUS,68,2275.1229
202311,CURRENT,3409,115761.028
202311,DEFAULTED,29,981.8185
202311,PAID_OFF,27,934.0372
202312,30_DPD,130,4422.6235
202312,60_DPD,40,1281.4331
202312,90_PLUS,67,2197.6025
202312,CURRENT,3398,115367.8252
202312,DEFAULTED,10,326.4587
202312,PAID_OFF,26,817.3555
202401,30_DPD,115,3810.8404
202401,60_DPD,33,1124.2007
202401,90_PLUS,73,2366.1609
202401,CURRENT,3388,115050.8653
202401,DEFAULTED,12,391.7216
202401,PAID_OFF,24,852.1541
202402,30_DPD,127,4293.8478
202402,60_DPD,31,1079.7572
202402,90_PLUS,70,2271.9734
202402,CURRENT,3355,113750.3439
202402,DEFAULTED,8,257.0174
202402,PAID_OFF,26,956.1450000000001
202403,30_DPD,140,4576.5534
202403,60_DPD,29,980.3706
202403,90_PLUS,69,2280.6315
202403,CENSORED_RPL,13,422.1582
202403,CURRENT,3294,111826.4581
202403,DEFAULTED,9,286.7
202403,PAID_OFF,36,1249.8348
202404,30_DPD,129,4333.1443
202404,60_DPD,25,795.6953000000001
202404,90_PLUS,68,2267.6172
202404,CURRENT,3279,111173.5558
202404,DEFAULTED,6,190.7911
202404,PAID_OFF,31,1094.001
202405,30_DPD,110,3637.2772
202405,60_DPD,26,811.4765
202405,90_PLUS,69,2303.8778
202405,CENSORED_RPL,15,520.3326
202405,CURRENT,3256,110503.8811
202405,DEFAULTED,6,190.7911
202405,PAID_OFF,25,793.1673999999999
202406,30_DPD,119,3985.0468
202406,60_DPD,29,983.4318
202406,90_PLUS,67,2177.4804
202406,CURRENT,3217,109127.25289999999
202406,DEFAULTED,9,290.2562
202406,PAID_OFF,26,883.8356
202407,30_DPD,117,3913.0576
202407,60_DPD,26,846.1281
202407,90_PLUS,63,2049.2421
202407,CURRENT,3186,108020.5481
202407,DEFAULTED,9,298.0475
202407,PAID_OFF,38,1375.7665
202408,30_DPD,117,3990.0248
202408,60_DPD,38,1222.5845
202408,90_PLUS,65,2098.5405
202408,CURRENT,3148,106680.6735
202408,DEFAULTED,8,268.3649
202408,PAID_OFF,24,837.1526
202409,30_DPD,122,4077.2898
202409,60_DPD,32,1038.6562
202409,90_PLUS,67,2176.2146000000002
202409,CENSORED_RPL,8,254.8839
202409,CURRENT,3114,105679.8639
202409,DEFAULTED,7,227.7424
202409,PAID_OFF,24,736.5174000000001
202410,30_DPD,102,3471.5780999999997
202410,60_DPD,34,1082.2260999999999
202410,90_PLUS,60,1950.7566000000002
202410,CENSORED_RPL,10,324.7314
202410,CURRENT,3097,105018.76150000001
202410,DEFAULTED,6,201.76819999999998
202410,PAID_OFF,31,1093.15
202411,30_DPD,121,4136.6978
202411,60_DPD,33,1029.5446
202411,90_PLUS,58,1902.4577
202411,CURRENT,3054,103520.42480000001
202411,DEFAULTED,8,259.3062
202411,PAID_OFF,24,845.8386
202412,30_DPD,104,3505.1376
202412,60_DPD,36,1140.5763
202412,90_PLUS,56,1854.9643
202412,CURRENT,3044,103157.9831
202412,DEFAULTED,6,200.63
202412,PAID_OFF,25,900.7810000000001
202501,30_DPD,115,3811.3505
202501,60_DPD,40,1272.3600000000001
202501,90_PLUS,54,1796.4151
202501,CURRENT,3006,101945.3897
202501,DEFAULTED,7,239.4169
202501,PAID_OFF,24,794.3591
202502,30_DPD,112,3870.6357
202502,60_DPD,39,1239.7598
202502,90_PLUS,62,2050.9105
202502,CURRENT,2977,100840.1617
202502,DEFAULTED,5,166.7964
202502,PAID_OFF,25,824.0476
202503,30_DPD,111,3757.6215
202503,60_DPD,40,1334.2565
202503,90_PLUS,59,1922.1776
202503,CENSORED_RPL,16,509.0302
202503,CURRENT,2938,99622.2013
202503,DEFAULTED,5,166.7964
202503,PAID_OFF,26,856.1805999999999
202504,30_DPD,120,4073.4783
202504,60_DPD,28,921.8593
202504,90_PLUS,59,1958.6185
202504,CURRENT,2915,98731.6085
202504,DEFAULTED,5,166.7964
202504,PAID_OFF,25,921.0097
202505,30_DPD,99,3311.8411
202505,60_DPD,29,950.6139000000001
202505,90_PLUS,51,1693.4522
202505,CENSORED_RPL,10,303.9904
202505,CURRENT,2900,98288.0418
202505,DEFAULTED,11,355.7396
202505,PAID_OFF,26,918.9994
202506,30_DPD,97,3289.2462
202506,60_DPD,26,847.6493
202506,90_PLUS,49,1633.3310999999999
202506,CURRENT,2882,97595.9365
202506,DEFAULTED,4,134.4693
202506,PAID_OFF,24,849.2879
202507,30_DPD,86,2853.765
202507,60_DPD,32,1040.6169
202507,90_PLUS,47,1573.6761999999999
202507,CURRENT,2857,96735.6816
202507,DEFAULTED,4,134.4693
202507,PAID_OFF,31,1133.9254
202508,30_DPD,97,3374.8725
202508,60_DPD,29,941.8875
202508,90_PLUS,48,1588.8911
202508,CURRENT,2816,95196.2357
202508,DEFAULTED,3,105.97130000000001
202508,PAID_OFF,32,1101.8529
202509,30_DPD,89,3034.2455
202509,60_DPD,23,759.1512
202509,90_PLUS,46,1505.8478
202509,CENSORED_RPL,10,334.97310000000004
202509,CURRENT,2784,94185.9542
202509,DEFAULTED,2,67.18440000000001
202509,PAID_OFF,38,1281.715
202510,30_DPD,86,2889.6620000000003
202510,60_DPD,25,854.9863
202510,90_PLUS,40,1348.5127
202510,CENSORED_RPL,8,267.7951
202510,CURRENT,2753,93109.5729
202510,DEFAULTED,2,67.18440000000001
202510,PAID_OFF,30,1014.6697
202511,30_DPD,101,3459.0181
202511,60_DPD,31,1024.591
202511,90_PLUS,45,1564.6048
202511,CURRENT,2702,91327.0451
202511,DEFAULTED,3,96.867
202511,PAID_OFF,24,797.7923
202512,30_DPD,96,3170.3043000000002
202512,60_DPD,25,795.0968
202512,90_PLUS,42,1477.0216
202512,CURRENT,2688,91012.3124
202512,DEFAULTED,5,161.95510000000002
202512,PAID_OFF,25,825.7532
202601,30_DPD,80,2702.0129
202601,60_DPD,29,919.2729
202601,90_PLUS,36,1281.8363
202601,CURRENT,2681,90737.6726
202601,DEFAULTED,4,127.1001
202601,PAID_OFF,23,754.0246999999999
202602,30_DPD,116,3957.8749
202602,60_DPD,29,920.4652
202602,90_PLUS,30,1082.7428
202602,CURRENT,2625,88880.7489
202602,DEFAULTED,2,67.18440000000001
202602,PAID_OFF,26,798.9629
202603,30_DPD,91,3153.1493
202603,60_DPD,27,845.1732999999999
202603,90_PLUS,34,1211.5855
202603,CURRENT,2629,88998.3974
202603,DEFAULTED,2,67.18440000000001
202603,PAID_OFF,19,633.5263
